duration_us,compute_batch_size,compute_avg_input_length,compute_max_input_length,compute_avg_output_length,compute_max_output_length,post_batch_size,post_avg_input_length,post_max_input_length,post_avg_output_length,post_max_output_length,compute_forward_mode,post_forward_mode,job_name,start_ts
150525.00,16,239.75,255,95.00,95,16,239.75,255,95.00,95,2,2,in256_out256_conc16,1764238539813979.75
150533.50,16,239.75,255,96.00,96,16,239.75,255,96.00,96,2,2,in256_out256_conc16,1764238539964867.00
150645.50,16,239.75,255,97.00,97,16,239.75,255,97.00,97,2,2,in256_out256_conc16,1764238540115678.00
150604.00,16,239.75,255,98.00,98,16,239.75,255,98.00,98,2,2,in256_out256_conc16,1764238540266668.50
150634.00,16,239.75,255,99.00,99,16,239.75,255,99.00,99,2,2,in256_out256_conc16,1764238540417609.75
150418.50,16,239.75,255,100.00,100,16,239.75,255,100.00,100,2,2,in256_out256_conc16,1764238540568728.00
150499.25,16,239.75,255,101.00,101,16,239.75,255,101.00,101,2,2,in256_out256_conc16,1764238540719606.25
150528.75,16,239.75,255,102.00,102,16,239.75,255,102.00,102,2,2,in256_out256_conc16,1764238540870560.50
150504.00,16,239.75,255,103.00,103,16,239.75,255,103.00,103,2,2,in256_out256_conc16,1764238541021552.50
150513.00,16,239.75,255,104.00,104,16,239.75,255,104.00,104,2,2,in256_out256_conc16,1764238541172474.00
150596.50,16,239.75,255,105.00,105,16,239.75,255,105.00,105,2,2,in256_out256_conc16,1764238541323352.75
150380.50,16,239.75,255,106.00,106,16,239.75,255,106.00,106,2,2,in256_out256_conc16,1764238541474591.50
150434.75,16,239.75,255,107.00,107,16,239.75,255,107.00,107,2,2,in256_out256_conc16,1764238541625393.75
150552.75,16,239.75,255,108.00,108,16,239.75,255,108.00,108,2,2,in256_out256_conc16,1764238541776198.75
150538.00,16,239.75,255,109.00,109,16,239.75,255,109.00,109,2,2,in256_out256_conc16,1764238541927100.50
150668.00,16,239.75,255,110.00,110,16,239.75,255,110.00,110,2,2,in256_out256_conc16,1764238542077962.50
150494.50,16,239.75,255,111.00,111,16,239.75,255,111.00,111,2,2,in256_out256_conc16,1764238542229050.25
150556.00,16,239.75,255,112.00,112,16,239.75,255,112.00,112,2,2,in256_out256_conc16,1764238542379945.50
150578.50,16,239.75,255,113.00,113,16,239.75,255,113.00,113,2,2,in256_out256_conc16,1764238542530850.25
150690.50,16,239.75,255,114.00,114,16,239.75,255,114.00,114,2,2,in256_out256_conc16,1764238542681768.00
150668.75,16,239.75,255,115.00,115,16,239.75,255,115.00,115,2,2,in256_out256_conc16,1764238542832788.00
150655.25,16,239.75,255,116.00,116,16,239.75,255,116.00,116,2,2,in256_out256_conc16,1764238542983868.50
150401.50,16,239.75,255,117.00,117,16,239.75,255,117.00,117,2,2,in256_out256_conc16,1764238543135050.25
150585.25,16,239.75,255,118.00,118,16,239.75,255,118.00,118,2,2,in256_out256_conc16,1764238543285893.75
150471.50,16,239.75,255,119.00,119,16,239.75,255,119.00,119,2,2,in256_out256_conc16,1764238543436965.50
150984.25,16,239.75,255,120.00,120,16,239.75,255,120.00,120,2,2,in256_out256_conc16,1764238543587931.50
149983.75,16,239.75,255,121.00,121,16,239.75,255,121.00,121,2,2,in256_out256_conc16,1764238543739436.25
150503.50,16,239.75,255,122.00,122,16,239.75,255,122.00,122,2,2,in256_out256_conc16,1764238543889913.25
150534.75,16,239.75,255,123.00,123,16,239.75,255,123.00,123,2,2,in256_out256_conc16,1764238544040876.00
150650.75,16,239.75,255,124.00,124,16,239.75,255,124.00,124,2,2,in256_out256_conc16,1764238544191809.00
150574.75,16,239.75,255,125.00,125,16,239.75,255,125.00,125,2,2,in256_out256_conc16,1764238544342935.25
150549.75,16,239.75,255,126.00,126,16,239.75,255,126.00,126,2,2,in256_out256_conc16,1764238544493983.00
150642.75,16,239.75,255,127.00,127,16,239.75,255,127.00,127,2,2,in256_out256_conc16,1764238544644898.00
150688.75,16,239.75,255,128.00,128,16,239.75,255,128.00,128,2,2,in256_out256_conc16,1764238544795885.50
150715.50,16,239.75,255,129.00,129,16,239.75,255,129.00,129,2,2,in256_out256_conc16,1764238544946904.75
150565.75,16,239.75,255,130.00,130,16,239.75,255,130.00,130,2,2,in256_out256_conc16,1764238545098072.25
150519.25,16,239.75,255,131.00,131,16,239.75,255,131.00,131,2,2,in256_out256_conc16,1764238545249116.00
150784.50,16,239.75,255,132.00,132,16,239.75,255,132.00,132,2,2,in256_out256_conc16,1764238545399937.25
150604.25,16,239.75,255,133.00,133,16,239.75,255,133.00,133,2,2,in256_out256_conc16,1764238545551191.00
150725.50,16,239.75,255,134.00,134,16,239.75,255,134.00,134,2,2,in256_out256_conc16,1764238545702179.00
150741.75,16,239.75,255,135.00,135,16,239.75,255,135.00,135,2,2,in256_out256_conc16,1764238545853232.50
150714.75,16,239.75,255,136.00,136,16,239.75,255,136.00,136,2,2,in256_out256_conc16,1764238546004284.50
150795.00,16,239.75,255,137.00,137,16,239.75,255,137.00,137,2,2,in256_out256_conc16,1764238546155319.50
150891.00,16,239.75,255,138.00,138,16,239.75,255,138.00,138,2,2,in256_out256_conc16,1764238546306438.75
150720.50,16,239.75,255,139.00,139,16,239.75,255,139.00,139,2,2,in256_out256_conc16,1764238546457770.75
150637.25,16,239.75,255,140.00,140,16,239.75,255,140.00,140,2,2,in256_out256_conc16,1764238546608920.00
150810.75,16,239.75,255,141.00,141,16,239.75,255,141.00,141,2,2,in256_out256_conc16,1764238546759906.25
150818.75,16,239.75,255,142.00,142,16,239.75,255,142.00,142,2,2,in256_out256_conc16,1764238546911027.50
150781.00,16,239.75,255,143.00,143,16,239.75,255,143.00,143,2,2,in256_out256_conc16,1764238547062158.50
150850.25,16,239.75,255,144.00,144,16,239.75,255,144.00,144,2,2,in256_out256_conc16,1764238547213251.25
150822.50,16,239.75,255,145.00,145,16,239.75,255,145.00,145,2,2,in256_out256_conc16,1764238547364421.00
150749.50,16,239.75,255,146.00,146,16,239.75,255,146.00,146,2,2,in256_out256_conc16,1764238547515622.75
150770.75,16,239.75,255,147.00,147,16,239.75,255,147.00,147,2,2,in256_out256_conc16,1764238547666755.25
150837.50,16,239.75,255,148.00,148,16,239.75,255,148.00,148,2,2,in256_out256_conc16,1764238547817880.50
151398.00,16,239.75,255,149.00,149,16,239.75,255,149.00,149,2,2,in256_out256_conc16,1764238547969156.00
151467.75,16,239.75,255,150.00,150,16,239.75,255,150.00,150,2,2,in256_out256_conc16,1764238548120958.50
151584.00,16,239.75,255,151.00,151,16,239.75,255,151.00,151,2,2,in256_out256_conc16,1764238548272718.75
151648.25,16,239.75,255,152.00,152,16,239.75,255,152.00,152,2,2,in256_out256_conc16,1764238548424601.25
151728.75,16,239.75,255,153.00,153,16,239.75,255,153.00,153,2,2,in256_out256_conc16,1764238548576521.25
151670.50,16,239.75,255,154.00,154,16,239.75,255,154.00,154,2,2,in256_out256_conc16,1764238548728530.25
151736.00,16,239.75,255,155.00,155,16,239.75,255,155.00,155,2,2,in256_out256_conc16,1764238548880492.50
151715.50,16,239.75,255,156.00,156,16,239.75,255,156.00,156,2,2,in256_out256_conc16,1764238549032510.00
151665.25,16,239.75,255,157.00,157,16,239.75,255,157.00,157,2,2,in256_out256_conc16,1764238549184580.25
151707.00,16,239.75,255,158.00,158,16,239.75,255,158.00,158,2,2,in256_out256_conc16,1764238549336574.00
151704.00,16,239.75,255,159.00,159,16,239.75,255,159.00,159,2,2,in256_out256_conc16,1764238549488625.00
152117.75,16,239.75,255,160.00,160,16,239.75,255,160.00,160,2,2,in256_out256_conc16,1764238549640636.00
151308.25,16,239.75,255,161.00,161,16,239.75,255,161.00,161,2,2,in256_out256_conc16,1764238549793058.00
151782.75,16,239.75,255,162.00,162,16,239.75,255,162.00,162,2,2,in256_out256_conc16,1764238549944660.00
151722.75,16,239.75,255,163.00,163,16,239.75,255,163.00,163,2,2,in256_out256_conc16,1764238550096724.75
151835.25,16,239.75,255,164.00,164,16,239.75,255,164.00,164,2,2,in256_out256_conc16,1764238550248727.75
151712.25,16,239.75,255,165.00,165,16,239.75,255,165.00,165,2,2,in256_out256_conc16,1764238550400914.25
151551.25,16,239.75,255,166.00,166,16,239.75,255,166.00,166,2,2,in256_out256_conc16,1764238550553131.50
151666.00,16,239.75,255,167.00,167,16,239.75,255,167.00,167,2,2,in256_out256_conc16,1764238550705069.75
151712.25,16,239.75,255,168.00,168,16,239.75,255,168.00,168,2,2,in256_out256_conc16,1764238550857085.75
151725.75,16,239.75,255,169.00,169,16,239.75,255,169.00,169,2,2,in256_out256_conc16,1764238551009112.75
151762.00,16,239.75,255,170.00,170,16,239.75,255,170.00,170,2,2,in256_out256_conc16,1764238551161152.50
151749.75,16,239.75,255,171.00,171,16,239.75,255,171.00,171,2,2,in256_out256_conc16,1764238551313236.00
151828.75,16,239.75,255,172.00,172,16,239.75,255,172.00,172,2,2,in256_out256_conc16,1764238551465291.25
151753.00,16,239.75,255,173.00,173,16,239.75,255,173.00,173,2,2,in256_out256_conc16,1764238551617413.50
151798.00,16,239.75,255,174.00,174,16,239.75,255,174.00,174,2,2,in256_out256_conc16,1764238551769456.25
151728.50,16,239.75,255,175.00,175,16,239.75,255,175.00,175,2,2,in256_out256_conc16,1764238551921602.00
151789.00,16,239.75,255,176.00,176,16,239.75,255,176.00,176,2,2,in256_out256_conc16,1764238552073656.25
151821.75,16,239.75,255,177.00,177,16,239.75,255,177.00,177,2,2,in256_out256_conc16,1764238552225732.25
151735.25,16,239.75,255,178.00,178,16,239.75,255,178.00,178,2,2,in256_out256_conc16,1764238552377879.75
151732.50,16,239.75,255,179.00,179,16,239.75,255,179.00,179,2,2,in256_out256_conc16,1764238552529969.75
151729.00,16,239.75,255,180.00,180,16,239.75,255,180.00,180,2,2,in256_out256_conc16,1764238552682021.75
151752.25,16,239.75,255,181.00,181,16,239.75,255,181.00,181,2,2,in256_out256_conc16,1764238552834086.50
151599.25,16,239.75,255,182.00,182,16,239.75,255,182.00,182,2,2,in256_out256_conc16,1764238552986300.75
151596.25,16,239.75,255,183.00,183,16,239.75,255,183.00,183,2,2,in256_out256_conc16,1764238553138375.75
151766.75,16,239.75,255,184.00,184,16,239.75,255,184.00,184,2,2,in256_out256_conc16,1764238553290319.25
151747.25,16,239.75,255,185.00,185,16,239.75,255,185.00,185,2,2,in256_out256_conc16,1764238553442419.25
151682.50,16,239.75,255,186.00,186,16,239.75,255,186.00,186,2,2,in256_out256_conc16,1764238553594565.50
151780.75,16,239.75,255,187.00,187,16,239.75,255,187.00,187,2,2,in256_out256_conc16,1764238553746578.25
151851.50,16,239.75,255,188.00,188,16,239.75,255,188.00,188,2,2,in256_out256_conc16,1764238553898654.25
151794.00,16,239.75,255,189.00,189,16,239.75,255,189.00,189,2,2,in256_out256_conc16,1764238554050797.75
151848.25,16,239.75,255,190.00,190,16,239.75,255,190.00,190,2,2,in256_out256_conc16,1764238554202891.25
151756.25,16,239.75,255,191.00,191,16,239.75,255,191.00,191,2,2,in256_out256_conc16,1764238554355148.00
151663.50,16,239.75,255,192.00,192,16,239.75,255,192.00,192,2,2,in256_out256_conc16,1764238554507386.50
151617.75,16,239.75,255,193.00,193,16,239.75,255,193.00,193,2,2,in256_out256_conc16,1764238554659532.50
151645.50,16,239.75,255,194.00,194,16,239.75,255,194.00,194,2,2,in256_out256_conc16,1764238554811613.75
151642.50,16,239.75,255,195.00,195,16,239.75,255,195.00,195,2,2,in256_out256_conc16,1764238554963725.00
151590.25,16,239.75,255,196.00,196,16,239.75,255,196.00,196,2,2,in256_out256_conc16,1764238555115884.25
151581.00,16,239.75,255,197.00,197,16,239.75,255,197.00,197,2,2,in256_out256_conc16,1764238555267969.50
151629.75,16,239.75,255,198.00,198,16,239.75,255,198.00,198,2,2,in256_out256_conc16,1764238555420050.50
151644.25,16,239.75,255,199.00,199,16,239.75,255,199.00,199,2,2,in256_out256_conc16,1764238555572190.00
152144.75,16,239.75,255,200.00,200,16,239.75,255,200.00,200,2,2,in256_out256_conc16,1764238555724193.50
151287.00,16,239.75,255,201.00,201,16,239.75,255,201.00,201,2,2,in256_out256_conc16,1764238555876681.50
151801.00,16,239.75,255,202.00,202,16,239.75,255,202.00,202,2,2,in256_out256_conc16,1764238556028300.25
151750.25,16,239.75,255,203.00,203,16,239.75,255,203.00,203,2,2,in256_out256_conc16,1764238556180429.00
151848.00,16,239.75,255,204.00,204,16,239.75,255,204.00,204,2,2,in256_out256_conc16,1764238556332516.50
151767.00,16,239.75,255,205.00,205,16,239.75,255,205.00,205,2,2,in256_out256_conc16,1764238556484719.25
151875.50,16,239.75,255,206.00,206,16,239.75,255,206.00,206,2,2,in256_out256_conc16,1764238556636839.25
151855.00,16,239.75,255,207.00,207,16,239.75,255,207.00,207,2,2,in256_out256_conc16,1764238556789026.75
151905.00,16,239.75,255,208.00,208,16,239.75,255,208.00,208,2,2,in256_out256_conc16,1764238556941190.25
151749.25,16,239.75,255,209.00,209,16,239.75,255,209.00,209,2,2,in256_out256_conc16,1764238557093472.75
151747.25,16,239.75,255,210.00,210,16,239.75,255,210.00,210,2,2,in256_out256_conc16,1764238557245577.75
151796.00,16,239.75,255,211.00,211,16,239.75,255,211.00,211,2,2,in256_out256_conc16,1764238557397655.25
151789.00,16,239.75,255,212.00,212,16,239.75,255,212.00,212,2,2,in256_out256_conc16,1764238557549759.25
151862.25,16,239.75,255,213.00,213,16,239.75,255,213.00,213,2,2,in256_out256_conc16,1764238557701871.00
151756.00,16,239.75,255,214.00,214,16,239.75,255,214.00,214,2,2,in256_out256_conc16,1764238557854151.00
151720.50,16,239.75,255,215.00,215,16,239.75,255,215.00,215,2,2,in256_out256_conc16,1764238558006345.75
151755.25,16,239.75,255,216.00,216,16,239.75,255,216.00,216,2,2,in256_out256_conc16,1764238558158453.75
151811.00,16,239.75,255,217.00,217,16,239.75,255,217.00,217,2,2,in256_out256_conc16,1764238558310529.00
151867.00,16,239.75,255,218.00,218,16,239.75,255,218.00,218,2,2,in256_out256_conc16,1764238558462694.25
151846.50,16,239.75,255,219.00,219,16,239.75,255,219.00,219,2,2,in256_out256_conc16,1764238558614874.00
151777.25,16,239.75,255,220.00,220,16,239.75,255,220.00,220,2,2,in256_out256_conc16,1764238558767074.00
151900.00,16,239.75,255,221.00,221,16,239.75,255,221.00,221,2,2,in256_out256_conc16,1764238558919177.25
151878.75,16,239.75,255,222.00,222,16,239.75,255,222.00,222,2,2,in256_out256_conc16,1764238559071387.50
151760.50,16,239.75,255,223.00,223,16,239.75,255,223.00,223,2,2,in256_out256_conc16,1764238559223644.50
151842.00,16,239.75,255,224.00,224,16,239.75,255,224.00,224,2,2,in256_out256_conc16,1764238559375719.00
151826.25,16,239.75,255,225.00,225,16,239.75,255,225.00,225,2,2,in256_out256_conc16,1764238559527873.00
151777.75,16,239.75,255,226.00,226,16,239.75,255,226.00,226,2,2,in256_out256_conc16,1764238559680061.00
151777.75,16,239.75,255,227.00,227,16,239.75,255,227.00,227,2,2,in256_out256_conc16,1764238559832168.50
151902.50,16,239.75,255,228.00,228,16,239.75,255,228.00,228,2,2,in256_out256_conc16,1764238559984259.00
152166.75,16,239.75,255,229.00,229,16,239.75,255,229.00,229,2,2,in256_out256_conc16,1764238560136453.00
3432.25,15,239.60,255,230.00,230,16,239.75,255,230.00,230,2,2,in256_out256_conc16,1764238560440889.50
198544.25,1,258.00,258,0.00,0,15,239.60,255,231.00,231,1,2,in256_out256_conc16,1764238560445772.25
667675.75,15,241.00,258,216.53,232,1,258.00,258,0.00,0,2,1,in256_out256_conc16,1764238560648862.00
232703.25,1,250.00,250,0.00,0,15,241.00,258,216.60,232,1,2,in256_out256_conc16,1764238561318146.00
401334.25,15,241.53,258,202.07,233,1,250.00,250,0.00,0,2,1,in256_out256_conc16,1764238561551580.25
188492.75,1,235.00,235,0.00,0,15,241.53,258,202.13,233,1,2,in256_out256_conc16,1764238561954487.25
437128.00,15,241.13,258,187.53,234,1,235.00,235,0.00,0,2,1,in256_out256_conc16,1764238562143780.25
199389.00,1,267.00,267,0.00,0,15,241.13,258,187.60,234,1,2,in256_out256_conc16,1764238562582453.00
668549.75,15,243.27,267,172.93,235,1,267.00,267,0.00,0,2,1,in256_out256_conc16,1764238562786389.75
232216.75,1,250.00,250,0.00,0,15,243.27,267,173.00,235,1,2,in256_out256_conc16,1764238563456576.25
401439.25,15,243.53,267,158.27,236,1,250.00,250,0.00,0,2,1,in256_out256_conc16,1764238563689527.00
232035.25,1,241.00,241,0.00,0,15,243.53,267,158.33,236,1,2,in256_out256_conc16,1764238564092524.75
401234.25,15,243.73,267,143.53,237,1,241.00,241,0.00,0,2,1,in256_out256_conc16,1764238564325294.50
187409.25,1,240.00,240,0.00,0,15,243.73,267,143.60,237,1,2,in256_out256_conc16,1764238564728018.25
437490.75,15,244.33,267,128.73,238,1,240.00,240,0.00,0,2,1,in256_out256_conc16,1764238564916195.75
187843.00,1,244.00,244,0.00,0,15,244.33,267,128.80,238,1,2,in256_out256_conc16,1764238565355246.50
437005.75,15,244.53,267,113.87,239,1,244.00,244,0.00,0,2,1,in256_out256_conc16,1764238565543862.75
187267.75,1,241.00,241,0.00,0,15,244.53,267,113.93,239,1,2,in256_out256_conc16,1764238565982399.25
437146.25,15,244.40,267,98.93,240,1,241.00,241,0.00,0,2,1,in256_out256_conc16,1764238566170415.75
230996.75,1,233.00,233,0.00,0,15,244.40,267,99.00,240,1,2,in256_out256_conc16,1764238566609152.75
400576.00,16,243.69,267,93.75,241,1,233.00,233,0.00,0,2,1,in256_out256_conc16,1764238566840623.50
149645.75,16,243.69,267,93.81,241,16,243.69,267,93.81,241,2,2,in256_out256_conc16,1764238567241579.25
149900.25,16,243.69,267,94.81,242,16,243.69,267,94.81,242,2,2,in256_out256_conc16,1764238567391579.25
149896.00,16,243.69,267,95.81,243,16,243.69,267,95.81,243,2,2,in256_out256_conc16,1764238567541819.50
149868.75,16,243.69,267,96.81,244,16,243.69,267,96.81,244,2,2,in256_out256_conc16,1764238567692186.50
149677.75,15,242.93,267,88.00,245,16,243.69,267,97.81,245,2,2,in256_out256_conc16,1764238567842727.50
187447.25,1,253.00,253,0.00,0,15,242.93,267,89.00,246,1,2,in256_out256_conc16,1764238567993930.00
438364.00,16,243.56,267,84.38,247,1,253.00,253,0.00,0,2,1,in256_out256_conc16,1764238568181848.50
149642.25,16,243.56,267,84.44,247,16,243.56,267,84.44,247,2,2,in256_out256_conc16,1764238568620577.00
150151.25,16,243.56,267,85.44,248,16,243.56,267,85.44,248,2,2,in256_out256_conc16,1764238568770567.00
149647.25,15,244.47,267,75.60,249,16,243.56,267,86.44,249,2,2,in256_out256_conc16,1764238568921383.50
204397.50,43,244.02,314,31.00,31,43,244.02,314,31.00,31,2,2,in256_out256_conc64,1764238797397582.50
204323.75,43,244.02,314,32.00,32,43,244.02,314,32.00,32,2,2,in256_out256_conc64,1764238797602417.50
204362.25,43,244.02,314,33.00,33,43,244.02,314,33.00,33,2,2,in256_out256_conc64,1764238797807232.50
204294.50,43,244.02,314,34.00,34,43,244.02,314,34.00,34,2,2,in256_out256_conc64,1764238798012117.75
204337.50,43,244.02,314,35.00,35,43,244.02,314,35.00,35,2,2,in256_out256_conc64,1764238798216912.50
204481.50,43,244.02,314,36.00,36,43,244.02,314,36.00,36,2,2,in256_out256_conc64,1764238798421658.25
204436.25,43,244.02,314,37.00,37,43,244.02,314,37.00,37,2,2,in256_out256_conc64,1764238798626543.75
204477.50,43,244.02,314,38.00,38,43,244.02,314,38.00,38,2,2,in256_out256_conc64,1764238798831372.50
204588.75,43,244.02,314,39.00,39,43,244.02,314,39.00,39,2,2,in256_out256_conc64,1764238799036226.75
204285.25,43,244.02,314,40.00,40,43,244.02,314,40.00,40,2,2,in256_out256_conc64,1764238799241357.50
204479.50,43,244.02,314,41.00,41,43,244.02,314,41.00,41,2,2,in256_out256_conc64,1764238799446051.00
204555.50,43,244.02,314,42.00,42,43,244.02,314,42.00,42,2,2,in256_out256_conc64,1764238799650913.25
204602.50,43,244.02,314,43.00,43,43,244.02,314,43.00,43,2,2,in256_out256_conc64,1764238799855859.25
204367.25,43,244.02,314,44.00,44,43,244.02,314,44.00,44,2,2,in256_out256_conc64,1764238800060970.50
204607.25,43,244.02,314,45.00,45,43,244.02,314,45.00,45,2,2,in256_out256_conc64,1764238800265741.00
204301.50,43,244.02,314,46.00,46,43,244.02,314,46.00,46,2,2,in256_out256_conc64,1764238800470886.25
204461.75,43,244.02,314,47.00,47,43,244.02,314,47.00,47,2,2,in256_out256_conc64,1764238800675638.75
204914.50,43,244.02,314,48.00,48,43,244.02,314,48.00,48,2,2,in256_out256_conc64,1764238800880609.00
203877.50,43,244.02,314,49.00,49,43,244.02,314,49.00,49,2,2,in256_out256_conc64,1764238801086063.50
204551.50,43,244.02,314,50.00,50,43,244.02,314,50.00,50,2,2,in256_out256_conc64,1764238801290387.50
204371.00,43,244.02,314,51.00,51,43,244.02,314,51.00,51,2,2,in256_out256_conc64,1764238801495468.25
204442.75,43,244.02,314,52.00,52,43,244.02,314,52.00,52,2,2,in256_out256_conc64,1764238801700287.50
204522.75,43,244.02,314,53.00,53,43,244.02,314,53.00,53,2,2,in256_out256_conc64,1764238801905125.50
204632.75,43,244.02,314,54.00,54,43,244.02,314,54.00,54,2,2,in256_out256_conc64,1764238802110028.75
204469.75,43,244.02,314,55.00,55,43,244.02,314,55.00,55,2,2,in256_out256_conc64,1764238802315089.25
204618.50,43,244.02,314,56.00,56,43,244.02,314,56.00,56,2,2,in256_out256_conc64,1764238802519944.50
204541.50,43,244.02,314,57.00,57,43,244.02,314,57.00,57,2,2,in256_out256_conc64,1764238802724995.00
204426.00,43,244.02,314,58.00,58,43,244.02,314,58.00,58,2,2,in256_out256_conc64,1764238802930051.25
204433.50,43,244.02,314,59.00,59,43,244.02,314,59.00,59,2,2,in256_out256_conc64,1764238803135013.50
204445.50,43,244.02,314,60.00,60,43,244.02,314,60.00,60,2,2,in256_out256_conc64,1764238803339996.00
204360.75,43,244.02,314,61.00,61,43,244.02,314,61.00,61,2,2,in256_out256_conc64,1764238803544943.00
204556.00,43,244.02,314,62.00,62,43,244.02,314,62.00,62,2,2,in256_out256_conc64,1764238803749721.75
204594.50,43,244.02,314,63.00,63,43,244.02,314,63.00,63,2,2,in256_out256_conc64,1764238803954685.50
204586.50,43,244.02,314,64.00,64,43,244.02,314,64.00,64,2,2,in256_out256_conc64,1764238804159646.50
204692.00,43,244.02,314,65.00,65,43,244.02,314,65.00,65,2,2,in256_out256_conc64,1764238804364588.75
204598.25,43,244.02,314,66.00,66,43,244.02,314,66.00,66,2,2,in256_out256_conc64,1764238804569663.75
204591.75,43,244.02,314,67.00,67,43,244.02,314,67.00,67,2,2,in256_out256_conc64,1764238804774660.25
204592.50,43,244.02,314,68.00,68,43,244.02,314,68.00,68,2,2,in256_out256_conc64,1764238804979716.75
204462.50,43,244.02,314,69.00,69,43,244.02,314,69.00,69,2,2,in256_out256_conc64,1764238805184833.00
204510.50,43,244.02,314,70.00,70,43,244.02,314,70.00,70,2,2,in256_out256_conc64,1764238805389754.50
204838.25,43,244.02,314,71.00,71,43,244.02,314,71.00,71,2,2,in256_out256_conc64,1764238805594682.00
204591.50,43,244.02,314,72.00,72,43,244.02,314,72.00,72,2,2,in256_out256_conc64,1764238805800052.50
204798.00,43,244.02,314,73.00,73,43,244.02,314,73.00,73,2,2,in256_out256_conc64,1764238806005047.25
204834.75,43,244.02,314,74.00,74,43,244.02,314,74.00,74,2,2,in256_out256_conc64,1764238806210265.25
204727.25,43,244.02,314,75.00,75,43,244.02,314,75.00,75,2,2,in256_out256_conc64,1764238806415587.50
204879.25,43,244.02,314,76.00,76,43,244.02,314,76.00,76,2,2,in256_out256_conc64,1764238806620674.50
204823.75,43,244.02,314,77.00,77,43,244.02,314,77.00,77,2,2,in256_out256_conc64,1764238806825923.50
204798.50,43,244.02,314,78.00,78,43,244.02,314,78.00,78,2,2,in256_out256_conc64,1764238807031224.75
204570.00,43,244.02,314,79.00,79,43,244.02,314,79.00,79,2,2,in256_out256_conc64,1764238807236568.75
204881.00,43,244.02,314,80.00,80,43,244.02,314,80.00,80,2,2,in256_out256_conc64,1764238807441560.00
204842.25,43,244.02,314,81.00,81,43,244.02,314,81.00,81,2,2,in256_out256_conc64,1764238807646858.75
204686.00,43,244.02,314,82.00,82,43,244.02,314,82.00,82,2,2,in256_out256_conc64,1764238807852234.25
204807.25,43,244.02,314,83.00,83,43,244.02,314,83.00,83,2,2,in256_out256_conc64,1764238808057391.25
204692.00,43,244.02,314,84.00,84,43,244.02,314,84.00,84,2,2,in256_out256_conc64,1764238808262704.75
204690.00,43,244.02,314,85.00,85,43,244.02,314,85.00,85,2,2,in256_out256_conc64,1764238808467867.00
204753.50,43,244.02,314,86.00,86,43,244.02,314,86.00,86,2,2,in256_out256_conc64,1764238808672984.50
204882.50,43,244.02,314,87.00,87,43,244.02,314,87.00,87,2,2,in256_out256_conc64,1764238808878100.00
205301.00,43,244.02,314,88.00,88,43,244.02,314,88.00,88,2,2,in256_out256_conc64,1764238809083431.50
204140.50,43,244.02,314,89.00,89,43,244.02,314,89.00,89,2,2,in256_out256_conc64,1764238809289275.50
204930.00,43,244.02,314,90.00,90,43,244.02,314,90.00,90,2,2,in256_out256_conc64,1764238809493786.00
204909.00,43,244.02,314,91.00,91,43,244.02,314,91.00,91,2,2,in256_out256_conc64,1764238809699112.75
204891.25,43,244.02,314,92.00,92,43,244.02,314,92.00,92,2,2,in256_out256_conc64,1764238809904409.00
204831.75,43,244.02,314,93.00,93,43,244.02,314,93.00,93,2,2,in256_out256_conc64,1764238810109710.25
205038.50,43,244.02,314,94.00,94,43,244.02,314,94.00,94,2,2,in256_out256_conc64,1764238810314868.00
204721.75,43,244.02,314,95.00,95,43,244.02,314,95.00,95,2,2,in256_out256_conc64,1764238810520413.25
204954.50,43,244.02,314,96.00,96,43,244.02,314,96.00,96,2,2,in256_out256_conc64,1764238810725519.25
204786.00,43,244.02,314,97.00,97,43,244.02,314,97.00,97,2,2,in256_out256_conc64,1764238810930983.50
204830.75,43,244.02,314,98.00,98,43,244.02,314,98.00,98,2,2,in256_out256_conc64,1764238811136306.25
204629.25,43,244.02,314,99.00,99,43,244.02,314,99.00,99,2,2,in256_out256_conc64,1764238811341685.00
204785.75,43,244.02,314,100.00,100,43,244.02,314,100.00,100,2,2,in256_out256_conc64,1764238811546782.75
205002.50,43,244.02,314,101.00,101,43,244.02,314,101.00,101,2,2,in256_out256_conc64,1764238811751910.25
204934.25,43,244.02,314,102.00,102,43,244.02,314,102.00,102,2,2,in256_out256_conc64,1764238811957263.50
205017.50,43,244.02,314,103.00,103,43,244.02,314,103.00,103,2,2,in256_out256_conc64,1764238812162552.75
204924.50,43,244.02,314,104.00,104,43,244.02,314,104.00,104,2,2,in256_out256_conc64,1764238812367922.50
204935.00,43,244.02,314,105.00,105,43,244.02,314,105.00,105,2,2,in256_out256_conc64,1764238812573214.50
205018.25,43,244.02,314,106.00,106,43,244.02,314,106.00,106,2,2,in256_out256_conc64,1764238812778503.25
204796.50,43,244.02,314,107.00,107,43,244.02,314,107.00,107,2,2,in256_out256_conc64,1764238812984066.75
204757.00,43,244.02,314,108.00,108,43,244.02,314,108.00,108,2,2,in256_out256_conc64,1764238813189398.75
204693.50,43,244.02,314,109.00,109,43,244.02,314,109.00,109,2,2,in256_out256_conc64,1764238813394688.50
205121.50,43,244.02,314,110.00,110,43,244.02,314,110.00,110,2,2,in256_out256_conc64,1764238813599744.00
204988.75,43,244.02,314,111.00,111,43,244.02,314,111.00,111,2,2,in256_out256_conc64,1764238813805306.50
204963.25,43,244.02,314,112.00,112,43,244.02,314,112.00,112,2,2,in256_out256_conc64,1764238814010670.00
205061.00,43,244.02,314,113.00,113,43,244.02,314,113.00,113,2,2,in256_out256_conc64,1764238814216021.25
204931.00,43,244.02,314,114.00,114,43,244.02,314,114.00,114,2,2,in256_out256_conc64,1764238814421526.50
204936.75,43,244.02,314,115.00,115,43,244.02,314,115.00,115,2,2,in256_out256_conc64,1764238814626876.25
205113.50,43,244.02,314,116.00,116,43,244.02,314,116.00,116,2,2,in256_out256_conc64,1764238814832171.00
205173.00,43,244.02,314,117.00,117,43,244.02,314,117.00,117,2,2,in256_out256_conc64,1764238815037652.25
204913.00,43,244.02,314,118.00,118,43,244.02,314,118.00,118,2,2,in256_out256_conc64,1764238815243367.50
204920.25,43,244.02,314,119.00,119,43,244.02,314,119.00,119,2,2,in256_out256_conc64,1764238815448791.75
205256.00,43,244.02,314,120.00,120,43,244.02,314,120.00,120,2,2,in256_out256_conc64,1764238815654101.00
204940.00,43,244.02,314,121.00,121,43,244.02,314,121.00,121,2,2,in256_out256_conc64,1764238815859899.00
205084.00,43,244.02,314,122.00,122,43,244.02,314,122.00,122,2,2,in256_out256_conc64,1764238816065286.75
205196.25,43,244.02,314,123.00,123,43,244.02,314,123.00,123,2,2,in256_out256_conc64,1764238816270754.00
205197.25,43,244.02,314,124.00,124,43,244.02,314,124.00,124,2,2,in256_out256_conc64,1764238816476351.25
205028.25,43,244.02,314,125.00,125,43,244.02,314,125.00,125,2,2,in256_out256_conc64,1764238816682066.00
205308.75,43,244.02,314,126.00,126,43,244.02,314,126.00,126,2,2,in256_out256_conc64,1764238816887462.75
205266.25,43,244.02,314,127.00,127,43,244.02,314,127.00,127,2,2,in256_out256_conc64,1764238817093288.00
205477.75,43,244.02,314,128.00,128,43,244.02,314,128.00,128,2,2,in256_out256_conc64,1764238817299073.50
204820.00,43,244.02,314,129.00,129,43,244.02,314,129.00,129,2,2,in256_out256_conc64,1764238817504927.25
205375.50,43,244.02,314,130.00,130,43,244.02,314,130.00,130,2,2,in256_out256_conc64,1764238817710173.00
205308.50,43,244.02,314,131.00,131,43,244.02,314,131.00,131,2,2,in256_out256_conc64,1764238817916037.50
205639.25,43,244.02,314,132.00,132,43,244.02,314,132.00,132,2,2,in256_out256_conc64,1764238818121730.50
205566.75,43,244.02,314,133.00,133,43,244.02,314,133.00,133,2,2,in256_out256_conc64,1764238818327856.50
205613.25,43,244.02,314,134.00,134,43,244.02,314,134.00,134,2,2,in256_out256_conc64,1764238818533920.75
205749.25,43,244.02,314,135.00,135,43,244.02,314,135.00,135,2,2,in256_out256_conc64,1764238818739976.50
205895.75,43,244.02,314,136.00,136,43,244.02,314,136.00,136,2,2,in256_out256_conc64,1764238818946112.00
205572.00,43,244.02,314,137.00,137,43,244.02,314,137.00,137,2,2,in256_out256_conc64,1764238819152545.75
205914.75,43,244.02,314,138.00,138,43,244.02,314,138.00,138,2,2,in256_out256_conc64,1764238819358576.50
206108.00,43,244.02,314,139.00,139,43,244.02,314,139.00,139,2,2,in256_out256_conc64,1764238819564873.50
206103.00,43,244.02,314,140.00,140,43,244.02,314,140.00,140,2,2,in256_out256_conc64,1764238819771359.75
206150.25,43,244.02,314,141.00,141,43,244.02,314,141.00,141,2,2,in256_out256_conc64,1764238819977873.75
206216.50,43,244.02,314,142.00,142,43,244.02,314,142.00,142,2,2,in256_out256_conc64,1764238820184418.00
206269.25,43,244.02,314,143.00,143,43,244.02,314,143.00,143,2,2,in256_out256_conc64,1764238820391104.00
206317.75,43,244.02,314,144.00,144,43,244.02,314,144.00,144,2,2,in256_out256_conc64,1764238820597847.25
206305.00,43,244.02,314,145.00,145,43,244.02,314,145.00,145,2,2,in256_out256_conc64,1764238820804633.50
206502.00,43,244.02,314,146.00,146,43,244.02,314,146.00,146,2,2,in256_out256_conc64,1764238821011443.50
206496.50,43,244.02,314,147.00,147,43,244.02,314,147.00,147,2,2,in256_out256_conc64,1764238821218479.25
206451.00,43,244.02,314,148.00,148,43,244.02,314,148.00,148,2,2,in256_out256_conc64,1764238821425468.75
206603.00,43,244.02,314,149.00,149,43,244.02,314,149.00,149,2,2,in256_out256_conc64,1764238821632298.25
206736.25,43,244.02,314,150.00,150,43,244.02,314,150.00,150,2,2,in256_out256_conc64,1764238821839296.00
206791.00,43,244.02,314,151.00,151,43,244.02,314,151.00,151,2,2,in256_out256_conc64,1764238822046392.75
206888.50,43,244.02,314,152.00,152,43,244.02,314,152.00,152,2,2,in256_out256_conc64,1764238822253552.50
206876.00,43,244.02,314,153.00,153,43,244.02,314,153.00,153,2,2,in256_out256_conc64,1764238822460819.50
206871.00,43,244.02,314,154.00,154,43,244.02,314,154.00,154,2,2,in256_out256_conc64,1764238822668111.25
206854.25,43,244.02,314,155.00,155,43,244.02,314,155.00,155,2,2,in256_out256_conc64,1764238822875487.25
206783.25,43,244.02,314,156.00,156,43,244.02,314,156.00,156,2,2,in256_out256_conc64,1764238823082858.75
207025.00,43,244.02,314,157.00,157,43,244.02,314,157.00,157,2,2,in256_out256_conc64,1764238823290046.50
206802.75,43,244.02,314,158.00,158,43,244.02,314,158.00,158,2,2,in256_out256_conc64,1764238823497618.50
207062.50,43,244.02,314,159.00,159,43,244.02,314,159.00,159,2,2,in256_out256_conc64,1764238823704824.00
206791.25,43,244.02,314,160.00,160,43,244.02,314,160.00,160,2,2,in256_out256_conc64,1764238823912440.00
206951.25,43,244.02,314,161.00,161,43,244.02,314,161.00,161,2,2,in256_out256_conc64,1764238824119729.25
206850.00,43,244.02,314,162.00,162,43,244.02,314,162.00,162,2,2,in256_out256_conc64,1764238824327180.75
207133.25,43,244.02,314,163.00,163,43,244.02,314,163.00,163,2,2,in256_out256_conc64,1764238824534347.50
206986.75,43,244.02,314,164.00,164,43,244.02,314,164.00,164,2,2,in256_out256_conc64,1764238824741894.00
206988.75,43,244.02,314,165.00,165,43,244.02,314,165.00,165,2,2,in256_out256_conc64,1764238824949338.25
206901.75,43,244.02,314,166.00,166,43,244.02,314,166.00,166,2,2,in256_out256_conc64,1764238825156882.00
206875.00,43,244.02,314,167.00,167,43,244.02,314,167.00,167,2,2,in256_out256_conc64,1764238825364299.00
207394.75,43,244.02,314,168.00,168,43,244.02,314,168.00,168,2,2,in256_out256_conc64,1764238825571593.25
206747.00,43,244.02,314,169.00,169,43,244.02,314,169.00,169,2,2,in256_out256_conc64,1764238825779313.00
206837.50,43,244.02,314,170.00,170,43,244.02,314,170.00,170,2,2,in256_out256_conc64,1764238825986558.75
207155.25,43,244.02,314,171.00,171,43,244.02,314,171.00,171,2,2,in256_out256_conc64,1764238826193743.75
206860.75,43,244.02,314,172.00,172,43,244.02,314,172.00,172,2,2,in256_out256_conc64,1764238826401400.00
207203.25,43,244.02,314,173.00,173,43,244.02,314,173.00,173,2,2,in256_out256_conc64,1764238826608621.25
206882.00,43,244.02,314,174.00,174,43,244.02,314,174.00,174,2,2,in256_out256_conc64,1764238826816308.75
2510.75,43,244.02,314,175.00,175,0,0.00,0,0.00,0,2,N/A,in256_out256_conc64,1764238827023548.25
