counter_name,timestamp,value,hostname
container_cpu_usage,1763084524030155.000000,252.905000,
container_cpu_usage,1763084525027683.750000,251.639000,
container_cpu_usage,1763084527031689.500000,248.929000,
container_cpu_usage,1763084528055931.750000,250.122000,
container_cpu_usage,1763084528075717.000000,250.122000,
container_gpu_mem_usage,1763084520375017.500000,1.067000,
container_gpu_mem_usage,1763084520375017.500000,90.518000,
container_gpu_mem_usage,1763084521226735.750000,1.067000,
container_gpu_mem_usage,1763084521226735.750000,90.518000,
container_gpu_mem_usage,1763084522356203.750000,1.067000,
container_gpu_mem_usage,1763084522356203.750000,90.518000,
container_gpu_mem_usage,1763084523436774.000000,1.067000,
container_gpu_mem_usage,1763084523436774.000000,90.518000,
container_gpu_mem_usage,1763084524394477.250000,1.067000,
container_gpu_mem_usage,1763084524394477.250000,90.518000,
container_gpu_mem_usage,1763084525274868.750000,1.067000,
container_gpu_mem_usage,1763084525274868.750000,90.518000,
container_gpu_mem_usage,1763084526328259.750000,1.067000,
container_gpu_mem_usage,1763084526328259.750000,90.518000,
container_gpu_mem_usage,1763084527434006.250000,1.067000,
container_gpu_mem_usage,1763084527434006.250000,90.518000,
container_gpu_mem_usage,1763084528558295.500000,1.067000,
container_gpu_mem_usage,1763084528558295.500000,90.518000,
container_gpu_usage,1763084520375017.500000,0.000000,
container_gpu_usage,1763084520375017.500000,10.000000,
container_gpu_usage,1763084521226735.750000,0.000000,
container_gpu_usage,1763084521226735.750000,11.000000,
container_gpu_usage,1763084522356203.750000,0.000000,
container_gpu_usage,1763084522356203.750000,12.000000,
container_gpu_usage,1763084523436774.000000,0.000000,
container_gpu_usage,1763084523436774.000000,11.000000,
container_gpu_usage,1763084524394477.250000,0.000000,
container_gpu_usage,1763084524394477.250000,10.000000,
container_gpu_usage,1763084525274868.750000,0.000000,
container_gpu_usage,1763084525274868.750000,11.000000,
container_gpu_usage,1763084526328259.750000,0.000000,
container_gpu_usage,1763084526328259.750000,9.000000,
container_gpu_usage,1763084527434006.250000,0.000000,
container_gpu_usage,1763084527434006.250000,10.000000,
container_gpu_usage,1763084528558295.500000,0.000000,
container_gpu_usage,1763084528558295.500000,10.000000,
container_mem_usage,1763084524030155.000000,0.294000,
container_mem_usage,1763084525027683.750000,0.298000,
container_mem_usage,1763084527031689.500000,0.305000,
container_mem_usage,1763084528055931.750000,0.310000,
container_mem_usage,1763084528075717.000000,0.310000,
container_mem_used,1763084524030155.000000,3176579072.000000,
container_mem_used,1763084525027683.750000,3216023552.000000,
container_mem_used,1763084527031689.500000,3301875712.000000,
container_mem_used,1763084528055931.750000,3346337792.000000,
container_mem_used,1763084528075717.000000,3346337792.000000,
cpu_frequency,1763084520216458.500000,3500.257000,
cpu_frequency,1763084520216458.500000,3500.000000,
cpu_frequency,1763084520216458.500000,3500.064000,
cpu_frequency,1763084520216458.500000,3499.853000,
cpu_frequency,1763084520216458.500000,3499.941000,
cpu_frequency,1763084520216458.500000,3500.131000,
cpu_frequency,1763084520216458.500000,3484.728000,
cpu_frequency,1763084520216458.500000,3488.914000,
cpu_frequency,1763084520216458.500000,3499.975000,
cpu_frequency,1763084520216458.500000,3499.691000,
cpu_frequency,1763084520216458.500000,3500.052000,
cpu_frequency,1763084520216458.500000,3500.033000,
cpu_frequency,1763084520216458.500000,3499.938000,
cpu_frequency,1763084520216458.500000,3499.642000,
cpu_frequency,1763084520216458.500000,3500.004000,
cpu_frequency,1763084520216458.500000,3499.994000,
cpu_frequency,1763084520216458.500000,3499.988000,
cpu_frequency,1763084520216458.500000,3499.925000,
cpu_frequency,1763084520216458.500000,3499.622000,
cpu_frequency,1763084520216458.500000,3500.324000,
cpu_frequency,1763084520216458.500000,3501.096000,
cpu_frequency,1763084520216458.500000,3295.944000,
cpu_frequency,1763084520216458.500000,3397.434000,
cpu_frequency,1763084520216458.500000,3481.566000,
cpu_frequency,1763084520216458.500000,3500.685000,
cpu_frequency,1763084520216458.500000,3500.251000,
cpu_frequency,1763084520216458.500000,3204.000000,
cpu_frequency,1763084520216458.500000,3435.874000,
cpu_frequency,1763084520216458.500000,3499.789000,
cpu_frequency,1763084520216458.500000,3500.029000,
cpu_frequency,1763084520216458.500000,3499.956000,
cpu_frequency,1763084520216458.500000,3499.916000,
cpu_frequency,1763084520216458.500000,3508.474000,
cpu_frequency,1763084520216458.500000,3500.070000,
cpu_frequency,1763084520216458.500000,3498.241000,
cpu_frequency,1763084520216458.500000,3469.206000,
cpu_frequency,1763084520216458.500000,3500.076000,
cpu_frequency,1763084520216458.500000,3499.130000,
cpu_frequency,1763084520216458.500000,3500.241000,
cpu_frequency,1763084520216458.500000,3498.967000,
cpu_frequency,1763084520216458.500000,3500.354000,
cpu_frequency,1763084520216458.500000,3499.978000,
cpu_frequency,1763084520216458.500000,3499.951000,
cpu_frequency,1763084520216458.500000,3499.898000,
cpu_frequency,1763084520216458.500000,3500.003000,
cpu_frequency,1763084520216458.500000,3500.094000,
cpu_frequency,1763084520216458.500000,3499.989000,
cpu_frequency,1763084520216458.500000,3500.028000,
cpu_frequency,1763084520216458.500000,3499.281000,
cpu_frequency,1763084520216458.500000,3498.556000,
cpu_frequency,1763084520216458.500000,3499.999000,
cpu_frequency,1763084520216458.500000,3406.025000,
cpu_frequency,1763084520216458.500000,3499.610000,
cpu_frequency,1763084520216458.500000,3506.986000,
cpu_frequency,1763084520216458.500000,3499.967000,
cpu_frequency,1763084520216458.500000,3500.087000,
cpu_frequency,1763084520216458.500000,3491.166000,
cpu_frequency,1763084521217424.500000,3500.000000,
cpu_frequency,1763084521217424.500000,3499.915000,
cpu_frequency,1763084521217424.500000,3500.380000,
cpu_frequency,1763084521217424.500000,3245.730000,
cpu_frequency,1763084521217424.500000,3499.183000,
cpu_frequency,1763084521217424.500000,3178.577000,
cpu_frequency,1763084521217424.500000,3500.004000,
cpu_frequency,1763084521217424.500000,3500.115000,
cpu_frequency,1763084521217424.500000,3500.034000,
cpu_frequency,1763084521217424.500000,3499.827000,
cpu_frequency,1763084521217424.500000,3499.945000,
cpu_frequency,1763084521217424.500000,3388.077000,
cpu_frequency,1763084521217424.500000,3482.592000,
cpu_frequency,1763084521217424.500000,3499.934000,
cpu_frequency,1763084521217424.500000,3298.244000,
cpu_frequency,1763084521217424.500000,3472.240000,
cpu_frequency,1763084521217424.500000,3499.861000,
cpu_frequency,1763084521217424.500000,3499.952000,
cpu_frequency,1763084521217424.500000,3500.046000,
cpu_frequency,1763084521217424.500000,3499.943000,
cpu_frequency,1763084521217424.500000,3499.939000,
cpu_frequency,1763084521217424.500000,3499.930000,
cpu_frequency,1763084521217424.500000,3499.848000,
cpu_frequency,1763084521217424.500000,3506.603000,
cpu_frequency,1763084521217424.500000,3500.164000,
cpu_frequency,1763084521217424.500000,3500.028000,
cpu_frequency,1763084521217424.500000,3499.953000,
cpu_frequency,1763084521217424.500000,3500.025000,
cpu_frequency,1763084521217424.500000,3333.988000,
cpu_frequency,1763084521217424.500000,3500.068000,
cpu_frequency,1763084521217424.500000,3497.925000,
cpu_frequency,1763084521217424.500000,3364.706000,
cpu_frequency,1763084521217424.500000,3406.544000,
cpu_frequency,1763084521217424.500000,3387.107000,
cpu_frequency,1763084521217424.500000,3500.151000,
cpu_frequency,1763084521217424.500000,3491.421000,
cpu_frequency,1763084521217424.500000,3501.534000,
cpu_frequency,1763084521217424.500000,3113.263000,
cpu_frequency,1763084521217424.500000,3454.179000,
cpu_frequency,1763084521217424.500000,3499.352000,
cpu_frequency,1763084521217424.500000,3500.150000,
cpu_frequency,1763084521217424.500000,3208.222000,
cpu_frequency,1763084521217424.500000,3499.999000,
cpu_frequency,1763084521217424.500000,3499.100000,
cpu_frequency,1763084521217424.500000,3504.581000,
cpu_frequency,1763084521217424.500000,3500.083000,
cpu_frequency,1763084521217424.500000,3500.121000,
cpu_frequency,1763084521217424.500000,3499.720000,
cpu_frequency,1763084521217424.500000,3500.021000,
cpu_frequency,1763084521217424.500000,3500.854000,
cpu_frequency,1763084521217424.500000,3497.982000,
cpu_frequency,1763084521217424.500000,3395.460000,
cpu_frequency,1763084521217424.500000,3327.266000,
cpu_frequency,1763084521217424.500000,3498.932000,
cpu_frequency,1763084521217424.500000,3343.742000,
cpu_frequency,1763084521217424.500000,3500.654000,
cpu_frequency,1763084521217424.500000,3500.029000,
cpu_frequency,1763084521217424.500000,3461.922000,
cpu_frequency,1763084521217424.500000,3499.873000,
cpu_frequency,1763084521217424.500000,3499.891000,
cpu_frequency,1763084521217424.500000,3499.950000,
cpu_frequency,1763084521217424.500000,3477.298000,
cpu_frequency,1763084522258675.500000,3500.000000,
cpu_frequency,1763084522258675.500000,3500.084000,
cpu_frequency,1763084522258675.500000,3500.005000,
cpu_frequency,1763084522258675.500000,3500.055000,
cpu_frequency,1763084522258675.500000,3499.948000,
cpu_frequency,1763084522258675.500000,3500.038000,
cpu_frequency,1763084522258675.500000,3499.690000,
cpu_frequency,1763084522258675.500000,3500.122000,
cpu_frequency,1763084522258675.500000,3500.052000,
cpu_frequency,1763084522258675.500000,3499.986000,
cpu_frequency,1763084522258675.500000,3500.056000,
cpu_frequency,1763084522258675.500000,3499.998000,
cpu_frequency,1763084522258675.500000,3500.001000,
cpu_frequency,1763084522258675.500000,3500.013000,
cpu_frequency,1763084522258675.500000,3499.310000,
cpu_frequency,1763084522258675.500000,3498.111000,
cpu_frequency,1763084522258675.500000,3500.096000,
cpu_frequency,1763084522258675.500000,3499.997000,
cpu_frequency,1763084522258675.500000,3500.022000,
cpu_frequency,1763084522258675.500000,3499.923000,
cpu_frequency,1763084522258675.500000,3499.960000,
cpu_frequency,1763084522258675.500000,3500.071000,
cpu_frequency,1763084522258675.500000,3499.925000,
cpu_frequency,1763084522258675.500000,3499.961000,
cpu_frequency,1763084522258675.500000,3500.050000,
cpu_frequency,1763084522258675.500000,3500.009000,
cpu_frequency,1763084522258675.500000,3500.010000,
cpu_frequency,1763084522258675.500000,3500.046000,
cpu_frequency,1763084522258675.500000,3499.049000,
cpu_frequency,1763084522258675.500000,3499.994000,
cpu_frequency,1763084522258675.500000,3499.887000,
cpu_frequency,1763084522258675.500000,3498.211000,
cpu_frequency,1763084522258675.500000,3496.487000,
cpu_frequency,1763084522258675.500000,3501.009000,
cpu_frequency,1763084522258675.500000,3499.999000,
cpu_frequency,1763084522258675.500000,3500.092000,
cpu_frequency,1763084522258675.500000,3502.369000,
cpu_frequency,1763084522258675.500000,3499.912000,
cpu_frequency,1763084522258675.500000,3499.908000,
cpu_frequency,1763084522258675.500000,3500.003000,
cpu_frequency,1763084522258675.500000,3500.062000,
cpu_frequency,1763084522258675.500000,3499.876000,
cpu_frequency,1763084522258675.500000,3500.059000,
cpu_frequency,1763084522258675.500000,3502.215000,
cpu_frequency,1763084522258675.500000,3498.900000,
cpu_frequency,1763084522258675.500000,3498.672000,
cpu_frequency,1763084522258675.500000,3500.252000,
cpu_frequency,1763084522258675.500000,3501.283000,
cpu_frequency,1763084522258675.500000,3499.952000,
cpu_frequency,1763084522258675.500000,3500.002000,
cpu_frequency,1763084522258675.500000,3500.288000,
cpu_frequency,1763084522258675.500000,3499.893000,
cpu_frequency,1763084522258675.500000,3500.039000,
cpu_frequency,1763084522258675.500000,3499.954000,
cpu_frequency,1763084522258675.500000,3499.956000,
cpu_frequency,1763084522258675.500000,3499.911000,
cpu_frequency,1763084522258675.500000,3499.959000,
cpu_frequency,1763084522258675.500000,3499.934000,
cpu_frequency,1763084522258675.500000,3499.571000,
cpu_frequency,1763084522258675.500000,3500.264000,
cpu_frequency,1763084522258675.500000,3498.975000,
cpu_frequency,1763084522258675.500000,3499.966000,
cpu_frequency,1763084523246149.750000,3509.831000,
cpu_frequency,1763084523246149.750000,3500.000000,
cpu_frequency,1763084523246149.750000,3508.641000,
cpu_frequency,1763084523246149.750000,3501.749000,
cpu_frequency,1763084523246149.750000,3499.706000,
cpu_frequency,1763084523246149.750000,3500.119000,
cpu_frequency,1763084523246149.750000,3489.520000,
cpu_frequency,1763084523246149.750000,3512.027000,
cpu_frequency,1763084523246149.750000,3487.632000,
cpu_frequency,1763084523246149.750000,3502.588000,
cpu_frequency,1763084523246149.750000,3490.028000,
cpu_frequency,1763084523246149.750000,3500.009000,
cpu_frequency,1763084523246149.750000,3509.020000,
cpu_frequency,1763084523246149.750000,3509.333000,
cpu_frequency,1763084523246149.750000,3489.393000,
cpu_frequency,1763084523246149.750000,3491.525000,
cpu_frequency,1763084523246149.750000,3499.994000,
cpu_frequency,1763084523246149.750000,3500.035000,
cpu_frequency,1763084523246149.750000,3499.958000,
cpu_frequency,1763084523246149.750000,3498.019000,
cpu_frequency,1763084523246149.750000,3501.030000,
cpu_frequency,1763084523246149.750000,3499.308000,
cpu_frequency,1763084523246149.750000,3498.258000,
cpu_frequency,1763084523246149.750000,3499.997000,
cpu_frequency,1763084523246149.750000,3499.977000,
cpu_frequency,1763084523246149.750000,3499.918000,
cpu_frequency,1763084523246149.750000,3500.523000,
cpu_frequency,1763084523246149.750000,3500.717000,
cpu_frequency,1763084523246149.750000,3499.849000,
cpu_frequency,1763084523246149.750000,3510.000000,
cpu_frequency,1763084523246149.750000,3500.011000,
cpu_frequency,1763084523246149.750000,3501.196000,
cpu_frequency,1763084523246149.750000,3498.330000,
cpu_frequency,1763084523246149.750000,3492.099000,
cpu_frequency,1763084523246149.750000,3497.917000,
cpu_frequency,1763084523246149.750000,3500.008000,
cpu_frequency,1763084523246149.750000,3500.012000,
cpu_frequency,1763084523246149.750000,3500.015000,
cpu_frequency,1763084523246149.750000,3499.987000,
cpu_frequency,1763084523246149.750000,3499.992000,
cpu_frequency,1763084523246149.750000,3491.686000,
cpu_frequency,1763084523246149.750000,3508.928000,
cpu_frequency,1763084523246149.750000,3501.650000,
cpu_frequency,1763084523246149.750000,3499.337000,
cpu_frequency,1763084523246149.750000,3500.083000,
cpu_frequency,1763084523246149.750000,3499.670000,
cpu_frequency,1763084523246149.750000,3501.135000,
cpu_frequency,1763084523246149.750000,3508.599000,
cpu_frequency,1763084523246149.750000,3500.031000,
cpu_frequency,1763084523246149.750000,3502.094000,
cpu_frequency,1763084523246149.750000,3498.447000,
cpu_frequency,1763084523246149.750000,3500.042000,
cpu_frequency,1763084523246149.750000,3497.252000,
cpu_frequency,1763084523246149.750000,3500.034000,
cpu_frequency,1763084523246149.750000,3500.320000,
cpu_frequency,1763084524207131.250000,3500.004000,
cpu_frequency,1763084524207131.250000,3500.000000,
cpu_frequency,1763084524207131.250000,3499.939000,
cpu_frequency,1763084524207131.250000,3499.952000,
cpu_frequency,1763084524207131.250000,3499.689000,
cpu_frequency,1763084524207131.250000,3499.824000,
cpu_frequency,1763084524207131.250000,3499.786000,
cpu_frequency,1763084524207131.250000,3499.873000,
cpu_frequency,1763084524207131.250000,3499.603000,
cpu_frequency,1763084524207131.250000,3501.498000,
cpu_frequency,1763084524207131.250000,3499.994000,
cpu_frequency,1763084524207131.250000,3499.682000,
cpu_frequency,1763084524207131.250000,3499.936000,
cpu_frequency,1763084524207131.250000,3499.965000,
cpu_frequency,1763084524207131.250000,3499.969000,
cpu_frequency,1763084524207131.250000,3499.947000,
cpu_frequency,1763084524207131.250000,3500.001000,
cpu_frequency,1763084524207131.250000,3498.043000,
cpu_frequency,1763084524207131.250000,3499.365000,
cpu_frequency,1763084524207131.250000,3499.469000,
cpu_frequency,1763084524207131.250000,3500.170000,
cpu_frequency,1763084524207131.250000,3500.779000,
cpu_frequency,1763084524207131.250000,3499.926000,
cpu_frequency,1763084524207131.250000,3499.999000,
cpu_frequency,1763084524207131.250000,3500.064000,
cpu_frequency,1763084524207131.250000,3499.997000,
cpu_frequency,1763084524207131.250000,3500.002000,
cpu_frequency,1763084524207131.250000,3499.998000,
cpu_frequency,1763084524207131.250000,3499.991000,
cpu_frequency,1763084524207131.250000,3500.078000,
cpu_frequency,1763084524207131.250000,3500.032000,
cpu_frequency,1763084524207131.250000,3499.974000,
cpu_frequency,1763084524207131.250000,3500.071000,
cpu_frequency,1763084524207131.250000,3500.024000,
cpu_frequency,1763084524207131.250000,3500.029000,
cpu_frequency,1763084524207131.250000,3499.928000,
cpu_frequency,1763084524207131.250000,3499.979000,
cpu_frequency,1763084524207131.250000,3499.871000,
cpu_frequency,1763084524207131.250000,3500.245000,
cpu_frequency,1763084524207131.250000,3500.171000,
cpu_frequency,1763084524207131.250000,3500.121000,
cpu_frequency,1763084524207131.250000,3499.852000,
cpu_frequency,1763084524207131.250000,3499.898000,
cpu_frequency,1763084524207131.250000,3500.752000,
cpu_frequency,1763084524207131.250000,3488.054000,
cpu_frequency,1763084524207131.250000,3499.413000,
cpu_frequency,1763084524207131.250000,3499.931000,
cpu_frequency,1763084524207131.250000,3499.775000,
cpu_frequency,1763084524207131.250000,3499.945000,
cpu_frequency,1763084524207131.250000,3500.076000,
cpu_frequency,1763084524207131.250000,3499.859000,
cpu_frequency,1763084524207131.250000,3499.760000,
cpu_frequency,1763084524207131.250000,3492.307000,
cpu_frequency,1763084524207131.250000,3499.922000,
cpu_frequency,1763084524207131.250000,3501.731000,
cpu_frequency,1763084524207131.250000,3500.041000,
cpu_frequency,1763084524207131.250000,3499.388000,
cpu_frequency,1763084525215627.500000,3499.957000,
cpu_frequency,1763084525215627.500000,3499.779000,
cpu_frequency,1763084525215627.500000,3500.000000,
cpu_frequency,1763084525215627.500000,3499.986000,
cpu_frequency,1763084525215627.500000,3500.001000,
cpu_frequency,1763084525215627.500000,3499.967000,
cpu_frequency,1763084525215627.500000,3500.049000,
cpu_frequency,1763084525215627.500000,3500.420000,
cpu_frequency,1763084525215627.500000,3499.620000,
cpu_frequency,1763084525215627.500000,3499.943000,
cpu_frequency,1763084525215627.500000,3499.492000,
cpu_frequency,1763084525215627.500000,3500.014000,
cpu_frequency,1763084525215627.500000,3500.142000,
cpu_frequency,1763084525215627.500000,3493.566000,
cpu_frequency,1763084525215627.500000,3497.418000,
cpu_frequency,1763084525215627.500000,3498.436000,
cpu_frequency,1763084525215627.500000,3498.503000,
cpu_frequency,1763084525215627.500000,3503.787000,
cpu_frequency,1763084525215627.500000,3500.003000,
cpu_frequency,1763084525215627.500000,3499.893000,
cpu_frequency,1763084525215627.500000,3500.058000,
cpu_frequency,1763084525215627.500000,3499.965000,
cpu_frequency,1763084525215627.500000,3500.095000,
cpu_frequency,1763084525215627.500000,3508.454000,
cpu_frequency,1763084525215627.500000,3496.428000,
cpu_frequency,1763084525215627.500000,3499.999000,
cpu_frequency,1763084525215627.500000,3499.257000,
cpu_frequency,1763084525215627.500000,3500.207000,
cpu_frequency,1763084525215627.500000,3508.536000,
cpu_frequency,1763084525215627.500000,3500.578000,
cpu_frequency,1763084525215627.500000,3499.787000,
cpu_frequency,1763084525215627.500000,3500.498000,
cpu_frequency,1763084525215627.500000,3500.088000,
cpu_frequency,1763084525215627.500000,3500.110000,
cpu_frequency,1763084525215627.500000,3500.070000,
cpu_frequency,1763084525215627.500000,3504.539000,
cpu_frequency,1763084525215627.500000,3500.100000,
cpu_frequency,1763084525215627.500000,3492.170000,
cpu_frequency,1763084525215627.500000,3500.009000,
cpu_frequency,1763084525215627.500000,3499.724000,
cpu_frequency,1763084525215627.500000,3501.621000,
cpu_frequency,1763084525215627.500000,3499.996000,
cpu_frequency,1763084525215627.500000,3508.373000,
cpu_frequency,1763084525215627.500000,3500.598000,
cpu_frequency,1763084525215627.500000,3500.044000,
cpu_frequency,1763084525215627.500000,3500.012000,
cpu_frequency,1763084525215627.500000,3500.008000,
cpu_frequency,1763084525215627.500000,3499.997000,
cpu_frequency,1763084525215627.500000,3499.863000,
cpu_frequency,1763084525215627.500000,3499.337000,
cpu_frequency,1763084525215627.500000,3507.743000,
cpu_frequency,1763084525215627.500000,3499.993000,
cpu_frequency,1763084525215627.500000,3499.789000,
cpu_frequency,1763084525215627.500000,3500.892000,
cpu_frequency,1763084525215627.500000,3499.925000,
cpu_frequency,1763084525215627.500000,3501.095000,
cpu_frequency,1763084525215627.500000,3499.894000,
cpu_frequency,1763084525215627.500000,3500.071000,
cpu_frequency,1763084526212475.000000,3499.998000,
cpu_frequency,1763084526212475.000000,3500.056000,
cpu_frequency,1763084526212475.000000,3500.050000,
cpu_frequency,1763084526212475.000000,3500.000000,
cpu_frequency,1763084526212475.000000,3500.039000,
cpu_frequency,1763084526212475.000000,3499.959000,
cpu_frequency,1763084526212475.000000,3499.863000,
cpu_frequency,1763084526212475.000000,3500.033000,
cpu_frequency,1763084526212475.000000,3500.027000,
cpu_frequency,1763084526212475.000000,3499.857000,
cpu_frequency,1763084526212475.000000,3500.066000,
cpu_frequency,1763084526212475.000000,3500.001000,
cpu_frequency,1763084526212475.000000,3499.575000,
cpu_frequency,1763084526212475.000000,3500.105000,
cpu_frequency,1763084526212475.000000,3500.073000,
cpu_frequency,1763084526212475.000000,3499.529000,
cpu_frequency,1763084526212475.000000,3499.207000,
cpu_frequency,1763084526212475.000000,3500.570000,
cpu_frequency,1763084526212475.000000,3499.918000,
cpu_frequency,1763084526212475.000000,3506.679000,
cpu_frequency,1763084526212475.000000,3500.278000,
cpu_frequency,1763084526212475.000000,3500.003000,
cpu_frequency,1763084526212475.000000,3499.960000,
cpu_frequency,1763084526212475.000000,3499.993000,
cpu_frequency,1763084526212475.000000,3499.924000,
cpu_frequency,1763084526212475.000000,3499.996000,
cpu_frequency,1763084526212475.000000,3500.170000,
cpu_frequency,1763084526212475.000000,3499.803000,
cpu_frequency,1763084526212475.000000,3498.616000,
cpu_frequency,1763084526212475.000000,3500.995000,
cpu_frequency,1763084526212475.000000,3492.584000,
cpu_frequency,1763084526212475.000000,3500.084000,
cpu_frequency,1763084526212475.000000,3500.015000,
cpu_frequency,1763084526212475.000000,3500.007000,
cpu_frequency,1763084526212475.000000,3500.058000,
cpu_frequency,1763084526212475.000000,3499.894000,
cpu_frequency,1763084526212475.000000,3500.021000,
cpu_frequency,1763084526212475.000000,3501.567000,
cpu_frequency,1763084526212475.000000,3508.274000,
cpu_frequency,1763084526212475.000000,3499.999000,
cpu_frequency,1763084526212475.000000,3499.681000,
cpu_frequency,1763084526212475.000000,3500.449000,
cpu_frequency,1763084526212475.000000,3499.995000,
cpu_frequency,1763084526212475.000000,3500.402000,
cpu_frequency,1763084526212475.000000,3499.910000,
cpu_frequency,1763084526212475.000000,3499.909000,
cpu_frequency,1763084526212475.000000,3500.045000,
cpu_frequency,1763084526212475.000000,3499.949000,
cpu_frequency,1763084527219651.250000,3500.000000,
cpu_frequency,1763084527219651.250000,3499.244000,
cpu_frequency,1763084527219651.250000,3500.019000,
cpu_frequency,1763084527219651.250000,3499.875000,
cpu_frequency,1763084527219651.250000,3504.337000,
cpu_frequency,1763084527219651.250000,3500.499000,
cpu_frequency,1763084527219651.250000,3508.771000,
cpu_frequency,1763084527219651.250000,3499.998000,
cpu_frequency,1763084527219651.250000,3499.946000,
cpu_frequency,1763084527219651.250000,3506.294000,
cpu_frequency,1763084527219651.250000,3506.578000,
cpu_frequency,1763084527219651.250000,3499.666000,
cpu_frequency,1763084527219651.250000,3499.859000,
cpu_frequency,1763084527219651.250000,3500.006000,
cpu_frequency,1763084527219651.250000,3500.026000,
cpu_frequency,1763084527219651.250000,3500.005000,
cpu_frequency,1763084527219651.250000,3499.996000,
cpu_frequency,1763084527219651.250000,3500.733000,
cpu_frequency,1763084527219651.250000,3500.558000,
cpu_frequency,1763084527219651.250000,3500.198000,
cpu_frequency,1763084527219651.250000,3500.497000,
cpu_frequency,1763084527219651.250000,3499.029000,
cpu_frequency,1763084527219651.250000,3493.561000,
cpu_frequency,1763084527219651.250000,3499.999000,
cpu_frequency,1763084527219651.250000,3499.991000,
cpu_frequency,1763084527219651.250000,3499.815000,
cpu_frequency,1763084527219651.250000,3500.383000,
cpu_frequency,1763084527219651.250000,3507.494000,
cpu_frequency,1763084527219651.250000,3499.933000,
cpu_frequency,1763084527219651.250000,3499.470000,
cpu_frequency,1763084527219651.250000,3501.347000,
cpu_frequency,1763084527219651.250000,3499.635000,
cpu_frequency,1763084527219651.250000,3501.387000,
cpu_frequency,1763084527219651.250000,3499.108000,
cpu_frequency,1763084527219651.250000,3500.037000,
cpu_frequency,1763084527219651.250000,3500.213000,
cpu_frequency,1763084527219651.250000,3503.311000,
cpu_frequency,1763084527219651.250000,3498.689000,
cpu_frequency,1763084527219651.250000,3499.994000,
cpu_frequency,1763084527219651.250000,3500.322000,
cpu_frequency,1763084527219651.250000,3499.735000,
cpu_frequency,1763084527219651.250000,3500.107000,
cpu_frequency,1763084527219651.250000,3500.123000,
cpu_frequency,1763084527219651.250000,3494.214000,
cpu_frequency,1763084527219651.250000,3491.822000,
cpu_frequency,1763084527219651.250000,3499.879000,
cpu_frequency,1763084528218426.250000,3500.000000,
cpu_frequency,1763084528218426.250000,3500.237000,
cpu_frequency,1763084528218426.250000,3497.960000,
cpu_frequency,1763084528218426.250000,3500.015000,
cpu_frequency,1763084528218426.250000,3499.971000,
cpu_frequency,1763084528218426.250000,3500.020000,
cpu_frequency,1763084528218426.250000,3500.105000,
cpu_frequency,1763084528218426.250000,3500.019000,
cpu_frequency,1763084528218426.250000,3500.047000,
cpu_frequency,1763084528218426.250000,3500.003000,
cpu_frequency,1763084528218426.250000,3500.037000,
cpu_frequency,1763084528218426.250000,3499.995000,
cpu_frequency,1763084528218426.250000,3499.999000,
cpu_frequency,1763084528218426.250000,3499.989000,
cpu_frequency,1763084528218426.250000,3499.988000,
cpu_frequency,1763084528218426.250000,3506.227000,
cpu_frequency,1763084528218426.250000,3499.966000,
cpu_frequency,1763084528218426.250000,3500.061000,
cpu_frequency,1763084528218426.250000,3501.333000,
cpu_frequency,1763084528218426.250000,3499.967000,
cpu_frequency,1763084528218426.250000,3499.599000,
cpu_frequency,1763084528218426.250000,3500.528000,
cpu_frequency,1763084528218426.250000,3501.848000,
cpu_frequency,1763084528218426.250000,3500.007000,
cpu_frequency,1763084528218426.250000,3500.014000,
cpu_frequency,1763084528218426.250000,3499.902000,
cpu_frequency,1763084528218426.250000,3499.953000,
cpu_frequency,1763084528218426.250000,3497.882000,
cpu_frequency,1763084528218426.250000,3499.928000,
cpu_frequency,1763084528218426.250000,3499.367000,
cpu_frequency,1763084528218426.250000,3499.946000,
cpu_frequency,1763084528218426.250000,3500.004000,
cpu_frequency,1763084528218426.250000,3500.067000,
cpu_frequency,1763084528218426.250000,3499.945000,
cpu_frequency,1763084528218426.250000,3499.965000,
cpu_frequency,1763084528218426.250000,3499.982000,
cpu_frequency,1763084528218426.250000,3500.031000,
cpu_frequency,1763084528218426.250000,3499.196000,
cpu_frequency,1763084528218426.250000,3499.811000,
cpu_frequency,1763084528218426.250000,3498.223000,
cpu_frequency,1763084528218426.250000,3499.959000,
cpu_frequency,1763084528218426.250000,3500.029000,
cpu_frequency,1763084528218426.250000,3500.086000,
cpu_frequency,1763084528218426.250000,3499.976000,
cpu_frequency,1763084528218426.250000,3500.760000,
cpu_frequency,1763084528218426.250000,3500.025000,
disk_free,1763084520011806.500000,207679782912.000000,
disk_free,1763084520012406.250000,256323907584.000000,
disk_free,1763084520013575.250000,133781311488.000000,
disk_free,1763084520013596.750000,281399042048.000000,
disk_free,1763084520015216.250000,75213459456.000000,
disk_free,1763084521012695.000000,75057758208.000000,
disk_free,1763084521013328.500000,207679782912.000000,
disk_free,1763084521013923.250000,256285122560.000000,
disk_free,1763084521014506.500000,281399042048.000000,
disk_free,1763084521015109.500000,133767073792.000000,
disk_free,1763084522040172.500000,74895986688.000000,
disk_free,1763084522040763.750000,207679782912.000000,
disk_free,1763084522041335.250000,256246411264.000000,
disk_free,1763084522041908.750000,281399042048.000000,
disk_free,1763084522042494.000000,133753593856.000000,
disk_free,1763084523040988.250000,207679782912.000000,
disk_free,1763084523041569.750000,256210198528.000000,
disk_free,1763084523042144.500000,281399042048.000000,
disk_free,1763084523042706.000000,133739438080.000000,
disk_free,1763084523056459.000000,74759200768.000000,
disk_free,1763084524002610.250000,207679782912.000000,
disk_free,1763084524003225.250000,256174645248.000000,
disk_free,1763084524003809.750000,281399042048.000000,
disk_free,1763084524004383.750000,133725282304.000000,
disk_free,1763084524005467.750000,74579087360.000000,
disk_free,1763084525004717.000000,207679782912.000000,
disk_free,1763084525005321.750000,256139591680.000000,
disk_free,1763084525005908.500000,281399042048.000000,
disk_free,1763084525006478.750000,133710479360.000000,
disk_free,1763084525009866.250000,74424549376.000000,
disk_free,1763084526009216.000000,74244894720.000000,
disk_free,1763084526009818.500000,207679782912.000000,
disk_free,1763084526010432.750000,256103018496.000000,
disk_free,1763084526011034.250000,281399042048.000000,
disk_free,1763084526011609.250000,133697478656.000000,
disk_free,1763084527011332.500000,74064793600.000000,
disk_free,1763084527011848.750000,207679782912.000000,
disk_free,1763084527012437.000000,256067416064.000000,
disk_free,1763084527012935.750000,281399042048.000000,
disk_free,1763084527013418.250000,133684396032.000000,
disk_free,1763084528008236.500000,73890504704.000000,
disk_free,1763084528008739.500000,207679782912.000000,
disk_free,1763084528009335.250000,256032059392.000000,
disk_free,1763084528009912.000000,281399042048.000000,
disk_free,1763084528010501.000000,133672804352.000000,
disk_usage,1763084520011806.500000,48.034000,
disk_usage,1763084520012406.250000,79.097000,
disk_usage,1763084520013575.250000,86.000000,
disk_usage,1763084520013596.750000,71.924000,
disk_usage,1763084520015216.250000,66.748000,
disk_usage,1763084521012695.000000,66.817000,
disk_usage,1763084521013328.500000,48.034000,
disk_usage,1763084521013923.250000,79.101000,
disk_usage,1763084521014506.500000,71.924000,
disk_usage,1763084521015109.500000,86.001000,
disk_usage,1763084522040172.500000,66.889000,
disk_usage,1763084522040763.750000,48.034000,
disk_usage,1763084522041335.250000,79.104000,
disk_usage,1763084522041908.750000,71.924000,
disk_usage,1763084522042494.000000,86.003000,
disk_usage,1763084523040988.250000,48.034000,
disk_usage,1763084523041569.750000,79.107000,
disk_usage,1763084523042144.500000,71.924000,
disk_usage,1763084523042706.000000,86.004000,
disk_usage,1763084523056459.000000,66.949000,
disk_usage,1763084524002610.250000,48.034000,
disk_usage,1763084524003225.250000,79.110000,
disk_usage,1763084524003809.750000,71.924000,
disk_usage,1763084524004383.750000,86.006000,
disk_usage,1763084524005467.750000,67.029000,
disk_usage,1763084525004717.000000,48.034000,
disk_usage,1763084525005321.750000,79.112000,
disk_usage,1763084525005908.500000,71.924000,
disk_usage,1763084525006478.750000,86.007000,
disk_usage,1763084525009866.250000,67.097000,
disk_usage,1763084526009216.000000,67.177000,
disk_usage,1763084526009818.500000,48.034000,
disk_usage,1763084526010432.750000,79.115000,
disk_usage,1763084526011034.250000,71.924000,
disk_usage,1763084526011609.250000,86.008000,
disk_usage,1763084527011332.500000,67.256000,
disk_usage,1763084527011848.750000,48.034000,
disk_usage,1763084527012437.000000,79.118000,
disk_usage,1763084527012935.750000,71.924000,
disk_usage,1763084527013418.250000,86.010000,
disk_usage,1763084528008236.500000,67.333000,
disk_usage,1763084528008739.500000,48.034000,
disk_usage,1763084528009335.250000,79.121000,
disk_usage,1763084528009912.000000,71.924000,
disk_usage,1763084528010501.000000,86.011000,
disk_used,1763084520011806.500000,191969378304.000000,
disk_used,1763084520012406.250000,969952530432.000000,
disk_used,1763084520013575.250000,821775785984.000000,
disk_used,1763084520013596.750000,720872689664.000000,
disk_used,1763084520015216.250000,150981312512.000000,
disk_used,1763084521012695.000000,151137013760.000000,
disk_used,1763084521013328.500000,191969378304.000000,
disk_used,1763084521013923.250000,969991315456.000000,
disk_used,1763084521014506.500000,720872689664.000000,
disk_used,1763084521015109.500000,821790023680.000000,
disk_used,1763084522040172.500000,151298785280.000000,
disk_used,1763084522040763.750000,191969378304.000000,
disk_used,1763084522041335.250000,970030026752.000000,
disk_used,1763084522041908.750000,720872689664.000000,
disk_used,1763084522042494.000000,821803503616.000000,
disk_used,1763084523040988.250000,191969378304.000000,
disk_used,1763084523041569.750000,970066239488.000000,
disk_used,1763084523042144.500000,720872689664.000000,
disk_used,1763084523042706.000000,821817659392.000000,
disk_used,1763084523056459.000000,151435571200.000000,
disk_used,1763084524002610.250000,191969378304.000000,
disk_used,1763084524003225.250000,970101792768.000000,
disk_used,1763084524003809.750000,720872689664.000000,
disk_used,1763084524004383.750000,821831815168.000000,
disk_used,1763084524005467.750000,151615684608.000000,
disk_used,1763084525004717.000000,191969378304.000000,
disk_used,1763084525005321.750000,970136846336.000000,
disk_used,1763084525005908.500000,720872689664.000000,
disk_used,1763084525006478.750000,821846618112.000000,
disk_used,1763084525009866.250000,151770222592.000000,
disk_used,1763084526009216.000000,151949877248.000000,
disk_used,1763084526009818.500000,191969378304.000000,
disk_used,1763084526010432.750000,970173419520.000000,
disk_used,1763084526011034.250000,720872689664.000000,
disk_used,1763084526011609.250000,821859618816.000000,
disk_used,1763084527011332.500000,152129978368.000000,
disk_used,1763084527011848.750000,191969378304.000000,
disk_used,1763084527012437.000000,970209021952.000000,
disk_used,1763084527012935.750000,720872689664.000000,
disk_used,1763084527013418.250000,821872701440.000000,
disk_used,1763084528008236.500000,152304267264.000000,
disk_used,1763084528008739.500000,191969378304.000000,
disk_used,1763084528009335.250000,970244378624.000000,
disk_used,1763084528009912.000000,720872689664.000000,
disk_used,1763084528010501.000000,821884293120.000000,
gpu_frequency,1763084520251993.000000,210.000000,
gpu_frequency,1763084520260395.000000,210.000000,
gpu_frequency,1763084520261814.500000,1365.000000,
gpu_frequency,1763084520263933.250000,285.000000,
gpu_frequency,1763084520266561.500000,210.000000,
gpu_frequency,1763084520270224.500000,210.000000,
gpu_frequency,1763084520276468.000000,210.000000,
gpu_frequency,1763084520277161.750000,1410.000000,
gpu_frequency,1763084521139358.250000,210.000000,
gpu_frequency,1763084521139443.500000,210.000000,
gpu_frequency,1763084521139502.250000,210.000000,
gpu_frequency,1763084521139678.000000,210.000000,
gpu_frequency,1763084521141526.750000,1365.000000,
gpu_frequency,1763084521141587.750000,210.000000,
gpu_frequency,1763084521143530.500000,210.000000,
gpu_frequency,1763084521144159.250000,1410.000000,
gpu_frequency,1763084522159111.250000,255.000000,
gpu_frequency,1763084522196152.000000,210.000000,
gpu_frequency,1763084522216015.250000,210.000000,
gpu_frequency,1763084522217449.750000,210.000000,
gpu_frequency,1763084522218792.250000,210.000000,
gpu_frequency,1763084522220234.000000,210.000000,
gpu_frequency,1763084522222387.750000,210.000000,
gpu_frequency,1763084522224202.000000,1155.000000,
gpu_frequency,1763084523261389.000000,210.000000,
gpu_frequency,1763084523262186.500000,210.000000,
gpu_frequency,1763084523262295.500000,210.000000,
gpu_frequency,1763084523263323.500000,1155.000000,
gpu_frequency,1763084523265045.750000,210.000000,
gpu_frequency,1763084523265070.250000,210.000000,
gpu_frequency,1763084523265085.250000,210.000000,
gpu_frequency,1763084523273130.750000,210.000000,
gpu_frequency,1763084524205777.750000,1080.000000,
gpu_frequency,1763084524210677.500000,210.000000,
gpu_frequency,1763084524210934.000000,210.000000,
gpu_frequency,1763084524212098.750000,210.000000,
gpu_frequency,1763084524215731.500000,210.000000,
gpu_frequency,1763084524220145.250000,210.000000,
gpu_frequency,1763084524220855.000000,210.000000,
gpu_frequency,1763084524222232.250000,1155.000000,
gpu_frequency,1763084525151055.250000,210.000000,
gpu_frequency,1763084525151399.000000,210.000000,
gpu_frequency,1763084525152004.500000,210.000000,
gpu_frequency,1763084525152130.250000,210.000000,
gpu_frequency,1763084525153204.250000,210.000000,
gpu_frequency,1763084525153262.750000,1155.000000,
gpu_frequency,1763084525153824.750000,210.000000,
gpu_frequency,1763084525153906.500000,1080.000000,
gpu_frequency,1763084526154810.500000,210.000000,
gpu_frequency,1763084526160920.000000,210.000000,
gpu_frequency,1763084526163096.750000,210.000000,
gpu_frequency,1763084526169981.000000,210.000000,
gpu_frequency,1763084526173924.250000,210.000000,
gpu_frequency,1763084526174146.000000,210.000000,
gpu_frequency,1763084526175851.500000,210.000000,
gpu_frequency,1763084526176935.250000,1155.000000,
gpu_frequency,1763084527245311.750000,210.000000,
gpu_frequency,1763084527254537.000000,210.000000,
gpu_frequency,1763084527264064.500000,210.000000,
gpu_frequency,1763084527265174.000000,210.000000,
gpu_frequency,1763084527268757.250000,210.000000,
gpu_frequency,1763084527269150.000000,210.000000,
gpu_frequency,1763084527271733.750000,210.000000,
gpu_frequency,1763084527274936.000000,1155.000000,
gpu_frequency,1763084528384209.000000,210.000000,
gpu_frequency,1763084528385254.750000,210.000000,
gpu_frequency,1763084528412664.250000,210.000000,
gpu_frequency,1763084528413552.250000,1080.000000,
gpu_frequency,1763084528414635.250000,210.000000,
gpu_frequency,1763084528415879.250000,210.000000,
gpu_frequency,1763084528417935.500000,210.000000,
gpu_frequency,1763084528418558.500000,1155.000000,
gpu_link_receive,1763084520031188.000000,0.000000,
gpu_link_receive,1763084520042733.750000,0.000000,
gpu_link_receive,1763084520044172.250000,0.000000,
gpu_link_receive,1763084520046549.500000,0.000000,
gpu_link_receive,1763084520047614.000000,0.000000,
gpu_link_receive,1763084520049992.750000,0.000000,
gpu_link_receive,1763084520051317.000000,0.000000,
gpu_link_receive,1763084520054847.500000,0.000000,
gpu_link_receive,1763084521021654.250000,0.000000,
gpu_link_receive,1763084521025209.250000,0.000000,
gpu_link_receive,1763084521029940.000000,0.000000,
gpu_link_receive,1763084521033332.000000,0.000000,
gpu_link_receive,1763084521033887.500000,0.000000,
gpu_link_receive,1763084521034893.000000,0.000000,
gpu_link_receive,1763084521038387.500000,0.000000,
gpu_link_receive,1763084521041821.750000,0.000000,
gpu_link_receive,1763084522043587.750000,0.000000,
gpu_link_receive,1763084522069782.750000,0.000000,
gpu_link_receive,1763084522073324.250000,0.000000,
gpu_link_receive,1763084522089366.500000,0.000000,
gpu_link_receive,1763084522089495.500000,0.000000,
gpu_link_receive,1763084522092742.000000,0.000000,
gpu_link_receive,1763084522092854.500000,0.000000,
gpu_link_receive,1763084522096234.000000,0.000000,
gpu_link_receive,1763084523052215.250000,0.000000,
gpu_link_receive,1763084523056011.000000,0.000000,
gpu_link_receive,1763084523062384.750000,0.000000,
gpu_link_receive,1763084523065730.250000,0.000000,
gpu_link_receive,1763084523065830.500000,0.000000,
gpu_link_receive,1763084523069070.250000,0.000000,
gpu_link_receive,1763084523069409.500000,0.000000,
gpu_link_receive,1763084523072399.500000,0.000000,
gpu_link_receive,1763084524008723.250000,0.000000,
gpu_link_receive,1763084524017638.250000,0.000000,
gpu_link_receive,1763084524017839.000000,0.000000,
gpu_link_receive,1763084524021807.750000,0.000000,
gpu_link_receive,1763084524022034.250000,0.000000,
gpu_link_receive,1763084524025184.000000,0.000000,
gpu_link_receive,1763084524027871.000000,0.000000,
gpu_link_receive,1763084524029161.250000,0.000000,
gpu_link_receive,1763084525017964.250000,0.000000,
gpu_link_receive,1763084525022168.250000,0.000000,
gpu_link_receive,1763084525026485.500000,0.000000,
gpu_link_receive,1763084525027038.500000,0.000000,
gpu_link_receive,1763084525031920.750000,0.000000,
gpu_link_receive,1763084525035295.000000,0.000000,
gpu_link_receive,1763084525038644.500000,0.000000,
gpu_link_receive,1763084525042033.000000,0.000000,
gpu_link_receive,1763084526015240.000000,0.000000,
gpu_link_receive,1763084526026658.500000,0.000000,
gpu_link_receive,1763084526030041.500000,0.000000,
gpu_link_receive,1763084526033761.250000,0.000000,
gpu_link_receive,1763084526034507.000000,0.000000,
gpu_link_receive,1763084526037292.250000,0.000000,
gpu_link_receive,1763084526040637.750000,0.000000,
gpu_link_receive,1763084526044595.750000,0.000000,
gpu_link_receive,1763084527021489.000000,0.000000,
gpu_link_receive,1763084527025634.000000,0.000000,
gpu_link_receive,1763084527029170.500000,0.000000,
gpu_link_receive,1763084527037505.250000,0.000000,
gpu_link_receive,1763084527044097.500000,0.000000,
gpu_link_receive,1763084527050642.250000,0.000000,
gpu_link_receive,1763084527057256.250000,0.000000,
gpu_link_receive,1763084527063803.750000,0.000000,
gpu_link_receive,1763084528010888.750000,0.000000,
gpu_link_receive,1763084528024577.500000,0.000000,
gpu_link_receive,1763084528025205.250000,0.000000,
gpu_link_receive,1763084528032077.500000,0.000000,
gpu_link_receive,1763084528035417.250000,0.000000,
gpu_link_receive,1763084528038297.500000,0.000000,
gpu_link_receive,1763084528045132.500000,0.000000,
gpu_link_receive,1763084528050473.000000,0.000000,
gpu_link_transmit,1763084520031188.000000,0.000000,
gpu_link_transmit,1763084520042733.750000,0.000000,
gpu_link_transmit,1763084520044172.250000,0.000000,
gpu_link_transmit,1763084520046549.500000,0.000000,
gpu_link_transmit,1763084520047614.000000,0.000000,
gpu_link_transmit,1763084520049992.750000,0.000000,
gpu_link_transmit,1763084520051317.000000,0.000000,
gpu_link_transmit,1763084520054847.500000,0.000000,
gpu_link_transmit,1763084521021654.250000,0.000000,
gpu_link_transmit,1763084521025209.250000,0.000000,
gpu_link_transmit,1763084521029940.000000,0.000000,
gpu_link_transmit,1763084521033332.000000,0.000000,
gpu_link_transmit,1763084521033887.500000,0.000000,
gpu_link_transmit,1763084521034893.000000,0.000000,
gpu_link_transmit,1763084521038387.500000,0.000000,
gpu_link_transmit,1763084521041821.750000,0.000000,
gpu_link_transmit,1763084522043587.750000,0.000000,
gpu_link_transmit,1763084522069782.750000,0.000000,
gpu_link_transmit,1763084522073324.250000,0.000000,
gpu_link_transmit,1763084522089366.500000,0.000000,
gpu_link_transmit,1763084522089495.500000,0.000000,
gpu_link_transmit,1763084522092742.000000,0.000000,
gpu_link_transmit,1763084522092854.500000,0.000000,
gpu_link_transmit,1763084522096234.000000,0.000000,
gpu_link_transmit,1763084523052215.250000,0.000000,
gpu_link_transmit,1763084523056011.000000,0.000000,
gpu_link_transmit,1763084523062384.750000,0.000000,
gpu_link_transmit,1763084523065730.250000,0.000000,
gpu_link_transmit,1763084523065830.500000,0.000000,
gpu_link_transmit,1763084523069070.250000,0.000000,
gpu_link_transmit,1763084523069409.500000,0.000000,
gpu_link_transmit,1763084523072399.500000,0.000000,
gpu_link_transmit,1763084524008723.250000,0.000000,
gpu_link_transmit,1763084524017638.250000,0.000000,
gpu_link_transmit,1763084524017839.000000,0.000000,
gpu_link_transmit,1763084524021807.750000,0.000000,
gpu_link_transmit,1763084524022034.250000,0.000000,
gpu_link_transmit,1763084524025184.000000,0.000000,
gpu_link_transmit,1763084524027871.000000,0.000000,
gpu_link_transmit,1763084524029161.250000,0.000000,
gpu_link_transmit,1763084525017964.250000,0.000000,
gpu_link_transmit,1763084525022168.250000,0.000000,
gpu_link_transmit,1763084525026485.500000,0.000000,
gpu_link_transmit,1763084525027038.500000,0.000000,
gpu_link_transmit,1763084525031920.750000,0.000000,
gpu_link_transmit,1763084525035295.000000,0.000000,
gpu_link_transmit,1763084525038644.500000,0.000000,
gpu_link_transmit,1763084525042033.000000,0.000000,
gpu_link_transmit,1763084526015240.000000,0.000000,
gpu_link_transmit,1763084526026658.500000,0.000000,
gpu_link_transmit,1763084526030041.500000,0.000000,
gpu_link_transmit,1763084526033761.250000,0.000000,
gpu_link_transmit,1763084526034507.000000,0.000000,
gpu_link_transmit,1763084526037292.250000,0.000000,
gpu_link_transmit,1763084526040637.750000,0.000000,
gpu_link_transmit,1763084526044595.750000,0.000000,
gpu_link_transmit,1763084527021489.000000,0.000000,
gpu_link_transmit,1763084527025634.000000,0.000000,
gpu_link_transmit,1763084527029170.500000,0.000000,
gpu_link_transmit,1763084527037505.250000,0.000000,
gpu_link_transmit,1763084527044097.500000,0.000000,
gpu_link_transmit,1763084527050642.250000,0.000000,
gpu_link_transmit,1763084527057256.250000,0.000000,
gpu_link_transmit,1763084527063803.750000,0.000000,
gpu_link_transmit,1763084528010888.750000,0.000000,
gpu_link_transmit,1763084528024577.500000,0.000000,
gpu_link_transmit,1763084528025205.250000,0.000000,
gpu_link_transmit,1763084528032077.500000,0.000000,
gpu_link_transmit,1763084528035417.250000,0.000000,
gpu_link_transmit,1763084528038297.500000,0.000000,
gpu_link_transmit,1763084528045132.500000,0.000000,
gpu_link_transmit,1763084528050473.000000,0.000000,
gpu_mem_frequency,1763084520251993.000000,1593.000000,
gpu_mem_frequency,1763084520260395.000000,1593.000000,
gpu_mem_frequency,1763084520261814.500000,1593.000000,
gpu_mem_frequency,1763084520263933.250000,1593.000000,
gpu_mem_frequency,1763084520266561.500000,1593.000000,
gpu_mem_frequency,1763084520270224.500000,1593.000000,
gpu_mem_frequency,1763084520276468.000000,1593.000000,
gpu_mem_frequency,1763084520277161.750000,1593.000000,
gpu_mem_frequency,1763084521139358.250000,1593.000000,
gpu_mem_frequency,1763084521139443.500000,1593.000000,
gpu_mem_frequency,1763084521139502.250000,1593.000000,
gpu_mem_frequency,1763084521139678.000000,1593.000000,
gpu_mem_frequency,1763084521141526.750000,1593.000000,
gpu_mem_frequency,1763084521141587.750000,1593.000000,
gpu_mem_frequency,1763084521143530.500000,1593.000000,
gpu_mem_frequency,1763084521144159.250000,1593.000000,
gpu_mem_frequency,1763084522159111.250000,1593.000000,
gpu_mem_frequency,1763084522196152.000000,1593.000000,
gpu_mem_frequency,1763084522216015.250000,1593.000000,
gpu_mem_frequency,1763084522217449.750000,1593.000000,
gpu_mem_frequency,1763084522218792.250000,1593.000000,
gpu_mem_frequency,1763084522220234.000000,1593.000000,
gpu_mem_frequency,1763084522222387.750000,1593.000000,
gpu_mem_frequency,1763084522224202.000000,1593.000000,
gpu_mem_frequency,1763084523261389.000000,1593.000000,
gpu_mem_frequency,1763084523262186.500000,1593.000000,
gpu_mem_frequency,1763084523262295.500000,1593.000000,
gpu_mem_frequency,1763084523263323.500000,1593.000000,
gpu_mem_frequency,1763084523265045.750000,1593.000000,
gpu_mem_frequency,1763084523265070.250000,1593.000000,
gpu_mem_frequency,1763084523265085.250000,1593.000000,
gpu_mem_frequency,1763084523273130.750000,1593.000000,
gpu_mem_frequency,1763084524205777.750000,1593.000000,
gpu_mem_frequency,1763084524210677.500000,1593.000000,
gpu_mem_frequency,1763084524210934.000000,1593.000000,
gpu_mem_frequency,1763084524212098.750000,1593.000000,
gpu_mem_frequency,1763084524215731.500000,1593.000000,
gpu_mem_frequency,1763084524220145.250000,1593.000000,
gpu_mem_frequency,1763084524220855.000000,1593.000000,
gpu_mem_frequency,1763084524222232.250000,1593.000000,
gpu_mem_frequency,1763084525151055.250000,1593.000000,
gpu_mem_frequency,1763084525151399.000000,1593.000000,
gpu_mem_frequency,1763084525152004.500000,1593.000000,
gpu_mem_frequency,1763084525152130.250000,1593.000000,
gpu_mem_frequency,1763084525153204.250000,1593.000000,
gpu_mem_frequency,1763084525153262.750000,1593.000000,
gpu_mem_frequency,1763084525153824.750000,1593.000000,
gpu_mem_frequency,1763084525153906.500000,1593.000000,
gpu_mem_frequency,1763084526154810.500000,1593.000000,
gpu_mem_frequency,1763084526160920.000000,1593.000000,
gpu_mem_frequency,1763084526163096.750000,1593.000000,
gpu_mem_frequency,1763084526169981.000000,1593.000000,
gpu_mem_frequency,1763084526173924.250000,1593.000000,
gpu_mem_frequency,1763084526174146.000000,1593.000000,
gpu_mem_frequency,1763084526175851.500000,1593.000000,
gpu_mem_frequency,1763084526176935.250000,1593.000000,
gpu_mem_frequency,1763084527245311.750000,1593.000000,
gpu_mem_frequency,1763084527254537.000000,1593.000000,
gpu_mem_frequency,1763084527264064.500000,1593.000000,
gpu_mem_frequency,1763084527265174.000000,1593.000000,
gpu_mem_frequency,1763084527268757.250000,1593.000000,
gpu_mem_frequency,1763084527269150.000000,1593.000000,
gpu_mem_frequency,1763084527271733.750000,1593.000000,
gpu_mem_frequency,1763084527274936.000000,1593.000000,
gpu_mem_frequency,1763084528384209.000000,1593.000000,
gpu_mem_frequency,1763084528385254.750000,1593.000000,
gpu_mem_frequency,1763084528412664.250000,1593.000000,
gpu_mem_frequency,1763084528413552.250000,1593.000000,
gpu_mem_frequency,1763084528414635.250000,1593.000000,
gpu_mem_frequency,1763084528415879.250000,1593.000000,
gpu_mem_frequency,1763084528417935.500000,1593.000000,
gpu_mem_frequency,1763084528418558.500000,1593.000000,
gpu_mem_used,1763084520251993.000000,916389888.000000,
gpu_mem_used,1763084520260395.000000,916389888.000000,
gpu_mem_used,1763084520261814.500000,916389888.000000,
gpu_mem_used,1763084520263933.250000,916389888.000000,
gpu_mem_used,1763084520266561.500000,916389888.000000,
gpu_mem_used,1763084520270224.500000,916389888.000000,
gpu_mem_used,1763084520276468.000000,916389888.000000,
gpu_mem_used,1763084520277161.750000,77754793984.000000,
gpu_mem_used,1763084521139358.250000,916389888.000000,
gpu_mem_used,1763084521139443.500000,916389888.000000,
gpu_mem_used,1763084521139502.250000,916389888.000000,
gpu_mem_used,1763084521139678.000000,916389888.000000,
gpu_mem_used,1763084521141526.750000,916389888.000000,
gpu_mem_used,1763084521141587.750000,916389888.000000,
gpu_mem_used,1763084521143530.500000,916389888.000000,
gpu_mem_used,1763084521144159.250000,77754793984.000000,
gpu_mem_used,1763084522159111.250000,916389888.000000,
gpu_mem_used,1763084522196152.000000,916389888.000000,
gpu_mem_used,1763084522216015.250000,916389888.000000,
gpu_mem_used,1763084522217449.750000,916389888.000000,
gpu_mem_used,1763084522218792.250000,916389888.000000,
gpu_mem_used,1763084522220234.000000,916389888.000000,
gpu_mem_used,1763084522222387.750000,916389888.000000,
gpu_mem_used,1763084522224202.000000,77754793984.000000,
gpu_mem_used,1763084523261389.000000,916389888.000000,
gpu_mem_used,1763084523262186.500000,916389888.000000,
gpu_mem_used,1763084523262295.500000,916389888.000000,
gpu_mem_used,1763084523263323.500000,77754793984.000000,
gpu_mem_used,1763084523265045.750000,916389888.000000,
gpu_mem_used,1763084523265070.250000,916389888.000000,
gpu_mem_used,1763084523265085.250000,916389888.000000,
gpu_mem_used,1763084523273130.750000,916389888.000000,
gpu_mem_used,1763084524205777.750000,916389888.000000,
gpu_mem_used,1763084524210677.500000,916389888.000000,
gpu_mem_used,1763084524210934.000000,916389888.000000,
gpu_mem_used,1763084524212098.750000,916389888.000000,
gpu_mem_used,1763084524215731.500000,916389888.000000,
gpu_mem_used,1763084524220145.250000,916389888.000000,
gpu_mem_used,1763084524220855.000000,916389888.000000,
gpu_mem_used,1763084524222232.250000,77754793984.000000,
gpu_mem_used,1763084525151055.250000,916389888.000000,
gpu_mem_used,1763084525151399.000000,916389888.000000,
gpu_mem_used,1763084525152004.500000,916389888.000000,
gpu_mem_used,1763084525152130.250000,916389888.000000,
gpu_mem_used,1763084525153204.250000,916389888.000000,
gpu_mem_used,1763084525153262.750000,77754793984.000000,
gpu_mem_used,1763084525153824.750000,916389888.000000,
gpu_mem_used,1763084525153906.500000,916389888.000000,
gpu_mem_used,1763084526154810.500000,916389888.000000,
gpu_mem_used,1763084526160920.000000,916389888.000000,
gpu_mem_used,1763084526163096.750000,916389888.000000,
gpu_mem_used,1763084526169981.000000,916389888.000000,
gpu_mem_used,1763084526173924.250000,916389888.000000,
gpu_mem_used,1763084526174146.000000,916389888.000000,
gpu_mem_used,1763084526175851.500000,916389888.000000,
gpu_mem_used,1763084526176935.250000,77754793984.000000,
gpu_mem_used,1763084527245311.750000,916389888.000000,
gpu_mem_used,1763084527254537.000000,916389888.000000,
gpu_mem_used,1763084527264064.500000,916389888.000000,
gpu_mem_used,1763084527265174.000000,916389888.000000,
gpu_mem_used,1763084527268757.250000,916389888.000000,
gpu_mem_used,1763084527269150.000000,916389888.000000,
gpu_mem_used,1763084527271733.750000,916389888.000000,
gpu_mem_used,1763084527274936.000000,77754793984.000000,
gpu_mem_used,1763084528384209.000000,916389888.000000,
gpu_mem_used,1763084528385254.750000,916389888.000000,
gpu_mem_used,1763084528412664.250000,916389888.000000,
gpu_mem_used,1763084528413552.250000,916389888.000000,
gpu_mem_used,1763084528414635.250000,916389888.000000,
gpu_mem_used,1763084528415879.250000,916389888.000000,
gpu_mem_used,1763084528417935.500000,916389888.000000,
gpu_mem_used,1763084528418558.500000,77754793984.000000,
gpu_pcie_transmit,1763084520031188.000000,18028504.000000,
gpu_pcie_transmit,1763084520042733.750000,2661968.000000,
gpu_pcie_transmit,1763084520044172.250000,2758525.000000,
gpu_pcie_transmit,1763084520046549.500000,1943848.000000,
gpu_pcie_transmit,1763084520047614.000000,2052597.000000,
gpu_pcie_transmit,1763084520049992.750000,1895557.000000,
gpu_pcie_transmit,1763084520051317.000000,2131079.000000,
gpu_pcie_transmit,1763084520054847.500000,2853938.000000,
gpu_pcie_transmit,1763084521021654.250000,1943848.000000,
gpu_pcie_transmit,1763084521025209.250000,19163568.000000,
gpu_pcie_transmit,1763084521029940.000000,2758525.000000,
gpu_pcie_transmit,1763084521033332.000000,1890426.000000,
gpu_pcie_transmit,1763084521033887.500000,2052597.000000,
gpu_pcie_transmit,1763084521034893.000000,2661968.000000,
gpu_pcie_transmit,1763084521038387.500000,2853938.000000,
gpu_pcie_transmit,1763084521041821.750000,1895557.000000,
gpu_pcie_transmit,1763084522043587.750000,19163568.000000,
gpu_pcie_transmit,1763084522069782.750000,1895557.000000,
gpu_pcie_transmit,1763084522073324.250000,1943848.000000,
gpu_pcie_transmit,1763084522089366.500000,2661968.000000,
gpu_pcie_transmit,1763084522089495.500000,1890426.000000,
gpu_pcie_transmit,1763084522092742.000000,2758525.000000,
gpu_pcie_transmit,1763084522092854.500000,2853938.000000,
gpu_pcie_transmit,1763084522096234.000000,2052597.000000,
gpu_pcie_transmit,1763084523052215.250000,1690310.000000,
gpu_pcie_transmit,1763084523056011.000000,7494686.000000,
gpu_pcie_transmit,1763084523062384.750000,1800992.000000,
gpu_pcie_transmit,1763084523065730.250000,1776755.000000,
gpu_pcie_transmit,1763084523065830.500000,2984656.000000,
gpu_pcie_transmit,1763084523069070.250000,1853034.000000,
gpu_pcie_transmit,1763084523069409.500000,2128666.000000,
gpu_pcie_transmit,1763084523072399.500000,4660539.000000,
gpu_pcie_transmit,1763084524008723.250000,7494686.000000,
gpu_pcie_transmit,1763084524017638.250000,1690310.000000,
gpu_pcie_transmit,1763084524017839.000000,4660539.000000,
gpu_pcie_transmit,1763084524021807.750000,1853034.000000,
gpu_pcie_transmit,1763084524022034.250000,1800992.000000,
gpu_pcie_transmit,1763084524025184.000000,2128666.000000,
gpu_pcie_transmit,1763084524027871.000000,1776755.000000,
gpu_pcie_transmit,1763084524029161.250000,2984656.000000,
gpu_pcie_transmit,1763084525017964.250000,2678584.000000,
gpu_pcie_transmit,1763084525022168.250000,3928104.000000,
gpu_pcie_transmit,1763084525026485.500000,2481722.000000,
gpu_pcie_transmit,1763084525027038.500000,2478833.000000,
gpu_pcie_transmit,1763084525031920.750000,2117063.000000,
gpu_pcie_transmit,1763084525035295.000000,2442393.000000,
gpu_pcie_transmit,1763084525038644.500000,2621293.000000,
gpu_pcie_transmit,1763084525042033.000000,2603426.000000,
gpu_pcie_transmit,1763084526015240.000000,3928104.000000,
gpu_pcie_transmit,1763084526026658.500000,2678584.000000,
gpu_pcie_transmit,1763084526030041.500000,2117063.000000,
gpu_pcie_transmit,1763084526033761.250000,2603426.000000,
gpu_pcie_transmit,1763084526034507.000000,2621293.000000,
gpu_pcie_transmit,1763084526037292.250000,2442393.000000,
gpu_pcie_transmit,1763084526040637.750000,2478833.000000,
gpu_pcie_transmit,1763084526044595.750000,2481722.000000,
gpu_pcie_transmit,1763084527021489.000000,3719293.000000,
gpu_pcie_transmit,1763084527025634.000000,2575201.000000,
gpu_pcie_transmit,1763084527029170.500000,4306372.000000,
gpu_pcie_transmit,1763084527037505.250000,2550417.000000,
gpu_pcie_transmit,1763084527044097.500000,2117535.000000,
gpu_pcie_transmit,1763084527050642.250000,2071058.000000,
gpu_pcie_transmit,1763084527057256.250000,2161149.000000,
gpu_pcie_transmit,1763084527063803.750000,2337406.000000,
gpu_pcie_transmit,1763084528010888.750000,3719293.000000,
gpu_pcie_transmit,1763084528024577.500000,4306372.000000,
gpu_pcie_transmit,1763084528025205.250000,2575201.000000,
gpu_pcie_transmit,1763084528032077.500000,2117535.000000,
gpu_pcie_transmit,1763084528035417.250000,2071058.000000,
gpu_pcie_transmit,1763084528038297.500000,2337406.000000,
gpu_pcie_transmit,1763084528045132.500000,2550417.000000,
gpu_pcie_transmit,1763084528050473.000000,2161149.000000,
gpu_sm_frequency,1763084520251993.000000,210.000000,
gpu_sm_frequency,1763084520260395.000000,210.000000,
gpu_sm_frequency,1763084520261814.500000,1365.000000,
gpu_sm_frequency,1763084520263933.250000,285.000000,
gpu_sm_frequency,1763084520266561.500000,210.000000,
gpu_sm_frequency,1763084520270224.500000,210.000000,
gpu_sm_frequency,1763084520276468.000000,210.000000,
gpu_sm_frequency,1763084520277161.750000,1410.000000,
gpu_sm_frequency,1763084521139358.250000,210.000000,
gpu_sm_frequency,1763084521139443.500000,210.000000,
gpu_sm_frequency,1763084521139502.250000,210.000000,
gpu_sm_frequency,1763084521139678.000000,210.000000,
gpu_sm_frequency,1763084521141526.750000,1365.000000,
gpu_sm_frequency,1763084521141587.750000,210.000000,
gpu_sm_frequency,1763084521143530.500000,210.000000,
gpu_sm_frequency,1763084521144159.250000,1410.000000,
gpu_sm_frequency,1763084522159111.250000,240.000000,
gpu_sm_frequency,1763084522196152.000000,210.000000,
gpu_sm_frequency,1763084522216015.250000,210.000000,
gpu_sm_frequency,1763084522217449.750000,210.000000,
gpu_sm_frequency,1763084522218792.250000,210.000000,
gpu_sm_frequency,1763084522220234.000000,210.000000,
gpu_sm_frequency,1763084522222387.750000,210.000000,
gpu_sm_frequency,1763084522224202.000000,1155.000000,
gpu_sm_frequency,1763084523261389.000000,210.000000,
gpu_sm_frequency,1763084523262186.500000,210.000000,
gpu_sm_frequency,1763084523262295.500000,210.000000,
gpu_sm_frequency,1763084523263323.500000,1155.000000,
gpu_sm_frequency,1763084523265045.750000,210.000000,
gpu_sm_frequency,1763084523265070.250000,210.000000,
gpu_sm_frequency,1763084523265085.250000,210.000000,
gpu_sm_frequency,1763084523273130.750000,210.000000,
gpu_sm_frequency,1763084524205777.750000,1080.000000,
gpu_sm_frequency,1763084524210677.500000,210.000000,
gpu_sm_frequency,1763084524210934.000000,210.000000,
gpu_sm_frequency,1763084524212098.750000,210.000000,
gpu_sm_frequency,1763084524215731.500000,210.000000,
gpu_sm_frequency,1763084524220145.250000,210.000000,
gpu_sm_frequency,1763084524220855.000000,210.000000,
gpu_sm_frequency,1763084524222232.250000,1155.000000,
gpu_sm_frequency,1763084525151055.250000,210.000000,
gpu_sm_frequency,1763084525151399.000000,210.000000,
gpu_sm_frequency,1763084525152004.500000,210.000000,
gpu_sm_frequency,1763084525152130.250000,210.000000,
gpu_sm_frequency,1763084525153204.250000,210.000000,
gpu_sm_frequency,1763084525153262.750000,1155.000000,
gpu_sm_frequency,1763084525153824.750000,210.000000,
gpu_sm_frequency,1763084525153906.500000,1080.000000,
gpu_sm_frequency,1763084526154810.500000,210.000000,
gpu_sm_frequency,1763084526160920.000000,210.000000,
gpu_sm_frequency,1763084526163096.750000,210.000000,
gpu_sm_frequency,1763084526169981.000000,210.000000,
gpu_sm_frequency,1763084526173924.250000,210.000000,
gpu_sm_frequency,1763084526174146.000000,210.000000,
gpu_sm_frequency,1763084526175851.500000,210.000000,
gpu_sm_frequency,1763084526176935.250000,1155.000000,
gpu_sm_frequency,1763084527245311.750000,210.000000,
gpu_sm_frequency,1763084527254537.000000,210.000000,
gpu_sm_frequency,1763084527264064.500000,210.000000,
gpu_sm_frequency,1763084527265174.000000,210.000000,
gpu_sm_frequency,1763084527268757.250000,210.000000,
gpu_sm_frequency,1763084527269150.000000,210.000000,
gpu_sm_frequency,1763084527271733.750000,210.000000,
gpu_sm_frequency,1763084527274936.000000,1155.000000,
gpu_sm_frequency,1763084528384209.000000,210.000000,
gpu_sm_frequency,1763084528385254.750000,210.000000,
gpu_sm_frequency,1763084528412664.250000,210.000000,
gpu_sm_frequency,1763084528413552.250000,1080.000000,
gpu_sm_frequency,1763084528414635.250000,210.000000,
gpu_sm_frequency,1763084528415879.250000,210.000000,
gpu_sm_frequency,1763084528417935.500000,210.000000,
gpu_sm_frequency,1763084528418558.500000,1155.000000,
gpu_sm_occupancy,1763084520031188.000000,0.072000,
gpu_sm_occupancy,1763084520042733.750000,0.000000,
gpu_sm_occupancy,1763084520044172.250000,0.000000,
gpu_sm_occupancy,1763084520046549.500000,0.000000,
gpu_sm_occupancy,1763084520047614.000000,0.000000,
gpu_sm_occupancy,1763084520049992.750000,0.000000,
gpu_sm_occupancy,1763084520051317.000000,0.000000,
gpu_sm_occupancy,1763084520054847.500000,0.000000,
gpu_sm_occupancy,1763084521021654.250000,0.000000,
gpu_sm_occupancy,1763084521025209.250000,0.072000,
gpu_sm_occupancy,1763084521029940.000000,0.000000,
gpu_sm_occupancy,1763084521033332.000000,0.000000,
gpu_sm_occupancy,1763084521033887.500000,0.000000,
gpu_sm_occupancy,1763084521034893.000000,0.000000,
gpu_sm_occupancy,1763084521038387.500000,0.000000,
gpu_sm_occupancy,1763084521041821.750000,0.000000,
gpu_sm_occupancy,1763084522043587.750000,0.072000,
gpu_sm_occupancy,1763084522069782.750000,0.000000,
gpu_sm_occupancy,1763084522073324.250000,0.000000,
gpu_sm_occupancy,1763084522089366.500000,0.000000,
gpu_sm_occupancy,1763084522089495.500000,0.000000,
gpu_sm_occupancy,1763084522092742.000000,0.000000,
gpu_sm_occupancy,1763084522092854.500000,0.000000,
gpu_sm_occupancy,1763084522096234.000000,0.000000,
gpu_sm_occupancy,1763084523052215.250000,0.000000,
gpu_sm_occupancy,1763084523056011.000000,0.072000,
gpu_sm_occupancy,1763084523062384.750000,0.000000,
gpu_sm_occupancy,1763084523065730.250000,0.000000,
gpu_sm_occupancy,1763084523065830.500000,0.000000,
gpu_sm_occupancy,1763084523069070.250000,0.000000,
gpu_sm_occupancy,1763084523069409.500000,0.000000,
gpu_sm_occupancy,1763084523072399.500000,0.000000,
gpu_sm_occupancy,1763084524008723.250000,0.072000,
gpu_sm_occupancy,1763084524017638.250000,0.000000,
gpu_sm_occupancy,1763084524017839.000000,0.000000,
gpu_sm_occupancy,1763084524021807.750000,0.000000,
gpu_sm_occupancy,1763084524022034.250000,0.000000,
gpu_sm_occupancy,1763084524025184.000000,0.000000,
gpu_sm_occupancy,1763084524027871.000000,0.000000,
gpu_sm_occupancy,1763084524029161.250000,0.000000,
gpu_sm_occupancy,1763084525017964.250000,0.000000,
gpu_sm_occupancy,1763084525022168.250000,0.007000,
gpu_sm_occupancy,1763084525026485.500000,0.000000,
gpu_sm_occupancy,1763084525027038.500000,0.000000,
gpu_sm_occupancy,1763084525031920.750000,0.000000,
gpu_sm_occupancy,1763084525035295.000000,0.000000,
gpu_sm_occupancy,1763084525038644.500000,0.000000,
gpu_sm_occupancy,1763084525042033.000000,0.000000,
gpu_sm_occupancy,1763084526015240.000000,0.007000,
gpu_sm_occupancy,1763084526026658.500000,0.000000,
gpu_sm_occupancy,1763084526030041.500000,0.000000,
gpu_sm_occupancy,1763084526033761.250000,0.000000,
gpu_sm_occupancy,1763084526034507.000000,0.000000,
gpu_sm_occupancy,1763084526037292.250000,0.000000,
gpu_sm_occupancy,1763084526040637.750000,0.000000,
gpu_sm_occupancy,1763084526044595.750000,0.000000,
gpu_sm_occupancy,1763084527021489.000000,0.007000,
gpu_sm_occupancy,1763084527025634.000000,0.000000,
gpu_sm_occupancy,1763084527029170.500000,0.000000,
gpu_sm_occupancy,1763084527037505.250000,0.000000,
gpu_sm_occupancy,1763084527044097.500000,0.000000,
gpu_sm_occupancy,1763084527050642.250000,0.000000,
gpu_sm_occupancy,1763084527057256.250000,0.000000,
gpu_sm_occupancy,1763084527063803.750000,0.000000,
gpu_sm_occupancy,1763084528010888.750000,0.007000,
gpu_sm_occupancy,1763084528024577.500000,0.000000,
gpu_sm_occupancy,1763084528025205.250000,0.000000,
gpu_sm_occupancy,1763084528032077.500000,0.000000,
gpu_sm_occupancy,1763084528035417.250000,0.000000,
gpu_sm_occupancy,1763084528038297.500000,0.000000,
gpu_sm_occupancy,1763084528045132.500000,0.000000,
gpu_sm_occupancy,1763084528050473.000000,0.000000,
gpu_sm_util,1763084520031188.000000,0.714000,
gpu_sm_util,1763084520042733.750000,0.000000,
gpu_sm_util,1763084520044172.250000,0.000000,
gpu_sm_util,1763084520046549.500000,0.000000,
gpu_sm_util,1763084520047614.000000,0.000000,
gpu_sm_util,1763084520049992.750000,0.000000,
gpu_sm_util,1763084520051317.000000,0.000000,
gpu_sm_util,1763084520054847.500000,0.000000,
gpu_sm_util,1763084521021654.250000,0.000000,
gpu_sm_util,1763084521025209.250000,0.713000,
gpu_sm_util,1763084521029940.000000,0.000000,
gpu_sm_util,1763084521033332.000000,0.000000,
gpu_sm_util,1763084521033887.500000,0.000000,
gpu_sm_util,1763084521034893.000000,0.000000,
gpu_sm_util,1763084521038387.500000,0.000000,
gpu_sm_util,1763084521041821.750000,0.000000,
gpu_sm_util,1763084522043587.750000,0.713000,
gpu_sm_util,1763084522069782.750000,0.000000,
gpu_sm_util,1763084522073324.250000,0.000000,
gpu_sm_util,1763084522089366.500000,0.000000,
gpu_sm_util,1763084522089495.500000,0.000000,
gpu_sm_util,1763084522092742.000000,0.000000,
gpu_sm_util,1763084522092854.500000,0.000000,
gpu_sm_util,1763084522096234.000000,0.000000,
gpu_sm_util,1763084523052215.250000,0.000000,
gpu_sm_util,1763084523056011.000000,0.713000,
gpu_sm_util,1763084523062384.750000,0.000000,
gpu_sm_util,1763084523065730.250000,0.000000,
gpu_sm_util,1763084523065830.500000,0.000000,
gpu_sm_util,1763084523069070.250000,0.000000,
gpu_sm_util,1763084523069409.500000,0.000000,
gpu_sm_util,1763084523072399.500000,0.000000,
gpu_sm_util,1763084524008723.250000,0.713000,
gpu_sm_util,1763084524017638.250000,0.000000,
gpu_sm_util,1763084524017839.000000,0.000000,
gpu_sm_util,1763084524021807.750000,0.000000,
gpu_sm_util,1763084524022034.250000,0.000000,
gpu_sm_util,1763084524025184.000000,0.000000,
gpu_sm_util,1763084524027871.000000,0.000000,
gpu_sm_util,1763084524029161.250000,0.000000,
gpu_sm_util,1763084525017964.250000,0.000000,
gpu_sm_util,1763084525022168.250000,0.072000,
gpu_sm_util,1763084525026485.500000,0.000000,
gpu_sm_util,1763084525027038.500000,0.000000,
gpu_sm_util,1763084525031920.750000,0.000000,
gpu_sm_util,1763084525035295.000000,0.000000,
gpu_sm_util,1763084525038644.500000,0.000000,
gpu_sm_util,1763084525042033.000000,0.000000,
gpu_sm_util,1763084526015240.000000,0.072000,
gpu_sm_util,1763084526026658.500000,0.000000,
gpu_sm_util,1763084526030041.500000,0.000000,
gpu_sm_util,1763084526033761.250000,0.000000,
gpu_sm_util,1763084526034507.000000,0.000000,
gpu_sm_util,1763084526037292.250000,0.000000,
gpu_sm_util,1763084526040637.750000,0.000000,
gpu_sm_util,1763084526044595.750000,0.000000,
gpu_sm_util,1763084527021489.000000,0.068000,
gpu_sm_util,1763084527025634.000000,0.000000,
gpu_sm_util,1763084527029170.500000,0.000000,
gpu_sm_util,1763084527037505.250000,0.000000,
gpu_sm_util,1763084527044097.500000,0.000000,
gpu_sm_util,1763084527050642.250000,0.000000,
gpu_sm_util,1763084527057256.250000,0.000000,
gpu_sm_util,1763084527063803.750000,0.000000,
gpu_sm_util,1763084528010888.750000,0.068000,
gpu_sm_util,1763084528024577.500000,0.000000,
gpu_sm_util,1763084528025205.250000,0.000000,
gpu_sm_util,1763084528032077.500000,0.000000,
gpu_sm_util,1763084528035417.250000,0.000000,
gpu_sm_util,1763084528038297.500000,0.000000,
gpu_sm_util,1763084528045132.500000,0.000000,
gpu_sm_util,1763084528050473.000000,0.000000,
gpu_usage,1763084520251993.000000,0.000000,
gpu_usage,1763084520260395.000000,0.000000,
gpu_usage,1763084520261814.500000,0.000000,
gpu_usage,1763084520263933.250000,0.000000,
gpu_usage,1763084520266561.500000,0.000000,
gpu_usage,1763084520270224.500000,0.000000,
gpu_usage,1763084520276468.000000,0.000000,
gpu_usage,1763084520277161.750000,10.000000,
gpu_usage,1763084521139358.250000,0.000000,
gpu_usage,1763084521139443.500000,0.000000,
gpu_usage,1763084521139502.250000,0.000000,
gpu_usage,1763084521139678.000000,0.000000,
gpu_usage,1763084521141526.750000,0.000000,
gpu_usage,1763084521141587.750000,0.000000,
gpu_usage,1763084521143530.500000,0.000000,
gpu_usage,1763084521144159.250000,10.000000,
gpu_usage,1763084522159111.250000,0.000000,
gpu_usage,1763084522196152.000000,0.000000,
gpu_usage,1763084522216015.250000,0.000000,
gpu_usage,1763084522217449.750000,0.000000,
gpu_usage,1763084522218792.250000,0.000000,
gpu_usage,1763084522220234.000000,0.000000,
gpu_usage,1763084522222387.750000,0.000000,
gpu_usage,1763084522224202.000000,11.000000,
gpu_usage,1763084523261389.000000,0.000000,
gpu_usage,1763084523262186.500000,0.000000,
gpu_usage,1763084523262295.500000,0.000000,
gpu_usage,1763084523263323.500000,10.000000,
gpu_usage,1763084523265045.750000,0.000000,
gpu_usage,1763084523265070.250000,0.000000,
gpu_usage,1763084523265085.250000,0.000000,
gpu_usage,1763084523273130.750000,0.000000,
gpu_usage,1763084524205777.750000,0.000000,
gpu_usage,1763084524210677.500000,0.000000,
gpu_usage,1763084524210934.000000,0.000000,
gpu_usage,1763084524212098.750000,0.000000,
gpu_usage,1763084524215731.500000,0.000000,
gpu_usage,1763084524220145.250000,0.000000,
gpu_usage,1763084524220855.000000,0.000000,
gpu_usage,1763084524222232.250000,11.000000,
gpu_usage,1763084525151055.250000,0.000000,
gpu_usage,1763084525151399.000000,0.000000,
gpu_usage,1763084525152004.500000,0.000000,
gpu_usage,1763084525152130.250000,0.000000,
gpu_usage,1763084525153204.250000,0.000000,
gpu_usage,1763084525153262.750000,9.000000,
gpu_usage,1763084525153824.750000,0.000000,
gpu_usage,1763084525153906.500000,0.000000,
gpu_usage,1763084526154810.500000,0.000000,
gpu_usage,1763084526160920.000000,0.000000,
gpu_usage,1763084526163096.750000,0.000000,
gpu_usage,1763084526169981.000000,0.000000,
gpu_usage,1763084526173924.250000,0.000000,
gpu_usage,1763084526174146.000000,0.000000,
gpu_usage,1763084526175851.500000,0.000000,
gpu_usage,1763084526176935.250000,11.000000,
gpu_usage,1763084527245311.750000,0.000000,
gpu_usage,1763084527254537.000000,0.000000,
gpu_usage,1763084527264064.500000,0.000000,
gpu_usage,1763084527265174.000000,0.000000,
gpu_usage,1763084527268757.250000,0.000000,
gpu_usage,1763084527269150.000000,0.000000,
gpu_usage,1763084527271733.750000,0.000000,
gpu_usage,1763084527274936.000000,11.000000,
gpu_usage,1763084528384209.000000,0.000000,
gpu_usage,1763084528385254.750000,0.000000,
gpu_usage,1763084528412664.250000,0.000000,
gpu_usage,1763084528413552.250000,0.000000,
gpu_usage,1763084528414635.250000,0.000000,
gpu_usage,1763084528415879.250000,0.000000,
gpu_usage,1763084528417935.500000,0.000000,
gpu_usage,1763084528418558.500000,11.000000,
host_cpu_usage,1763084520216458.500000,5.954000,
host_cpu_usage,1763084521217424.500000,5.177000,
host_cpu_usage,1763084522258675.500000,5.287000,
host_cpu_usage,1763084523246149.750000,5.416000,
host_cpu_usage,1763084524207131.250000,5.390000,
host_cpu_usage,1763084525215627.500000,5.472000,
host_cpu_usage,1763084526212475.000000,5.970000,
host_cpu_usage,1763084527219651.250000,6.106000,
host_cpu_usage,1763084528218426.250000,5.253000,
host_mem_available,1763084520010356.250000,1007913236.000000,
host_mem_available,1763084521010654.000000,1007949316.000000,
host_mem_available,1763084522038799.000000,1007960524.000000,
host_mem_available,1763084523039613.750000,1007919260.000000,
host_mem_available,1763084524001138.250000,1007885736.000000,
host_mem_available,1763084525003219.000000,1007909964.000000,
host_mem_available,1763084526007301.500000,1007827264.000000,
host_mem_available,1763084527009594.250000,1007823444.000000,
host_mem_available,1763084528006972.500000,1007720584.000000,
host_mem_buffer,1763084520010356.250000,5309396.000000,
host_mem_buffer,1763084521010654.000000,5309412.000000,
host_mem_buffer,1763084522038799.000000,5309420.000000,
host_mem_buffer,1763084523039613.750000,5309424.000000,
host_mem_buffer,1763084524001138.250000,5309424.000000,
host_mem_buffer,1763084525003219.000000,5309424.000000,
host_mem_buffer,1763084526007301.500000,5309424.000000,
host_mem_buffer,1763084527009594.250000,5309428.000000,
host_mem_buffer,1763084528006972.500000,5309428.000000,
host_mem_cache,1763084520010356.250000,963665008.000000,
host_mem_cache,1763084521010654.000000,963870060.000000,
host_mem_cache,1763084522038799.000000,964079100.000000,
host_mem_cache,1763084523039613.750000,964261344.000000,
host_mem_cache,1763084524001138.250000,964485864.000000,
host_mem_cache,1763084525003219.000000,964685788.000000,
host_mem_cache,1763084526007301.500000,964909100.000000,
host_mem_cache,1763084527009594.250000,965132448.000000,
host_mem_cache,1763084528006972.500000,965347440.000000,
host_mem_free,1763084520010356.250000,35685040.000000,
host_mem_free,1763084521010654.000000,35505436.000000,
host_mem_free,1763084522038799.000000,35309276.000000,
host_mem_free,1763084523039613.750000,35081268.000000,
host_mem_free,1763084524001138.250000,34814616.000000,
host_mem_free,1763084525003219.000000,34631256.000000,
host_mem_free,1763084526007301.500000,34323104.000000,
host_mem_free,1763084527009594.250000,34092084.000000,
host_mem_free,1763084528006972.500000,33689936.000000,
host_mem_usage,1763084520010356.250000,4.829000,
host_mem_usage,1763084521010654.000000,4.827000,
host_mem_usage,1763084522038799.000000,4.826000,
host_mem_usage,1763084523039613.750000,4.830000,
host_mem_usage,1763084524001138.250000,4.834000,
host_mem_usage,1763084525003219.000000,4.833000,
host_mem_usage,1763084526007301.500000,4.841000,
host_mem_usage,1763084527009594.250000,4.841000,
host_mem_usage,1763084528006972.500000,4.859000,
net_rx_rate,1763084520519119.500000,120.000000,
net_rx_rate,1763084520519355.000000,6836.000000,
net_rx_rate,1763084521516367.750000,0.000000,
net_rx_rate,1763084521518042.500000,516.000000,
net_rx_rate,1763084522562387.750000,0.000000,
net_rx_rate,1763084522564547.000000,11360.000000,
net_rx_rate,1763084523548214.500000,1288.000000,
net_rx_rate,1763084523553573.000000,0.000000,
net_rx_rate,1763084524508012.500000,0.000000,
net_rx_rate,1763084524508022.000000,1004.000000,
net_rx_rate,1763084525510491.250000,1416.000000,
net_rx_rate,1763084525510556.250000,0.000000,
net_rx_rate,1763084526511548.500000,252.000000,
net_rx_rate,1763084526515164.250000,0.000000,
net_rx_rate,1763084527518577.750000,2400.000000,
net_rx_rate,1763084527523666.000000,0.000000,
net_rx_rate,1763084528511505.750000,1208.000000,
net_rx_rate,1763084528521960.000000,0.000000,
net_tx_rate,1763084520519119.500000,812.000000,
net_tx_rate,1763084520519355.000000,3532.000000,
net_tx_rate,1763084521516367.750000,1738.000000,
net_tx_rate,1763084521518042.500000,0.000000,
net_tx_rate,1763084522562387.750000,20594.000000,
net_tx_rate,1763084522564547.000000,5256.000000,
net_tx_rate,1763084523548214.500000,292.000000,
net_tx_rate,1763084523553573.000000,2748.000000,
net_tx_rate,1763084524508012.500000,1068.000000,
net_tx_rate,1763084524508022.000000,0.000000,
net_tx_rate,1763084525510491.250000,596.000000,
net_tx_rate,1763084525510556.250000,576.000000,
net_tx_rate,1763084526511548.500000,0.000000,
net_tx_rate,1763084526515164.250000,2484.000000,
net_tx_rate,1763084527518577.750000,940.000000,
net_tx_rate,1763084527523666.000000,1320.000000,
net_tx_rate,1763084528511505.750000,572.000000,
net_tx_rate,1763084528521960.000000,2102.000000,
process_cpu_usage_2.300005e+06,1763084520014648.750000,210.108000,
process_cpu_usage_2.300005e+06,1763084521017431.000000,210.381000,
process_cpu_usage_2.300005e+06,1763084522058215.750000,210.656000,
process_cpu_usage_2.300005e+06,1763084523043779.000000,210.932000,
process_cpu_usage_2.300005e+06,1763084524009129.250000,211.199000,
process_cpu_usage_2.300005e+06,1763084525007397.000000,211.431000,
process_cpu_usage_2.300005e+06,1763084526015824.500000,211.691000,
process_cpu_usage_2.300005e+06,1763084528011707.250000,212.158000,
process_cpu_usage_2300005,1763084527014540.750000,211.922000,
process_gpu_mem_usage_2300005,1763084520520179.250000,76829163520.000000,
process_gpu_mem_usage_2300005,1763084521560543.000000,76829163520.000000,
process_gpu_mem_usage_2300005,1763084522825034.000000,76829163520.000000,
process_gpu_mem_usage_2300005,1763084524510017.750000,76829163520.000000,
process_gpu_mem_usage_2300005,1763084524957849.500000,76829163520.000000,
process_gpu_mem_usage_2300005,1763084525539034.500000,76829163520.000000,
process_gpu_mem_usage_2300005,1763084526764705.500000,76829163520.000000,
process_gpu_mem_usage_2300005,1763084527727456.500000,76829163520.000000,
process_gpu_mem_usage_2300005,1763084528768471.250000,76829163520.000000,
process_gpu_usage_2300005,1763084520520179.250000,10.000000,
process_gpu_usage_2300005,1763084521560543.000000,11.000000,
process_gpu_usage_2300005,1763084522825034.000000,11.000000,
process_gpu_usage_2300005,1763084524510017.750000,10.000000,
process_gpu_usage_2300005,1763084524957849.500000,11.000000,
process_gpu_usage_2300005,1763084525539034.500000,11.000000,
process_gpu_usage_2300005,1763084526764705.500000,11.000000,
process_gpu_usage_2300005,1763084527727456.500000,11.000000,
process_gpu_usage_2300005,1763084528768471.250000,11.000000,
process_mem_rss_2.300005e+06,1763084520014287.500000,1677631488.000000,
process_mem_rss_2.300005e+06,1763084521017084.750000,1687146496.000000,
process_mem_rss_2.300005e+06,1763084524005124.250000,1710526464.000000,
process_mem_rss_2.300005e+06,1763084525007049.250000,1715122176.000000,
process_mem_rss_2.300005e+06,1763084526012238.500000,1724243968.000000,
process_mem_rss_2.300005e+06,1763084527017551.750000,1729110016.000000,
process_mem_rss_2.300005e+06,1763084528011300.750000,1737961472.000000,
process_mem_rss_2300005,1763084522055012.250000,1692553216.000000,
process_mem_rss_2300005,1763084523046344.250000,1701404672.000000,
process_mem_swap_2.300005e+06,1763084520014287.500000,0.000000,
process_mem_swap_2.300005e+06,1763084521017084.750000,0.000000,
process_mem_swap_2.300005e+06,1763084524005124.250000,0.000000,
process_mem_swap_2.300005e+06,1763084525007049.250000,0.000000,
process_mem_swap_2.300005e+06,1763084526012238.500000,0.000000,
process_mem_swap_2.300005e+06,1763084527017551.750000,0.000000,
process_mem_swap_2.300005e+06,1763084528011300.750000,0.000000,
process_mem_swap_2300005,1763084522055012.250000,0.000000,
process_mem_swap_2300005,1763084523046344.250000,0.000000,
process_mem_usage_2.300005e+06,1763084520014287.500000,0.155000,
process_mem_usage_2.300005e+06,1763084521017084.750000,0.156000,
process_mem_usage_2.300005e+06,1763084524005124.250000,0.158000,
process_mem_usage_2.300005e+06,1763084525007049.250000,0.159000,
process_mem_usage_2.300005e+06,1763084526012238.500000,0.160000,
process_mem_usage_2.300005e+06,1763084527017551.750000,0.160000,
process_mem_usage_2.300005e+06,1763084528011300.750000,0.161000,
process_mem_usage_2300005,1763084522055012.250000,0.157000,
process_mem_usage_2300005,1763084523046344.250000,0.157000,
process_mem_vms_2.300005e+06,1763084520014287.500000,102851678208.000000,
process_mem_vms_2.300005e+06,1763084521017084.750000,102857347072.000000,
process_mem_vms_2.300005e+06,1763084524005124.250000,102937112576.000000,
process_mem_vms_2.300005e+06,1763084525007049.250000,102938193920.000000,
process_mem_vms_2.300005e+06,1763084526012238.500000,102943694848.000000,
process_mem_vms_2.300005e+06,1763084527017551.750000,102945181696.000000,
process_mem_vms_2.300005e+06,1763084528011300.750000,102950535168.000000,
process_mem_vms_2300005,1763084522055012.250000,102858969088.000000,
process_mem_vms_2300005,1763084523046344.250000,102931468288.000000,
