Size,MAPE,% in 10%,Coverage,MAPE_train,% in 10%_train
50,0.27295404507570603,0.7723751001870157,0.9561047288271439,0.00016863110526382685,1.0
51,0.27563383105508205,0.7661768634784932,0.9561047288271439,0.00014346756996418613,1.0
52,0.27856705104577,0.7709858402351055,0.9561047288271439,0.0001236945037893222,1.0
53,0.3064397548226282,0.7687950841570933,0.9561047288271439,0.0001250825035619603,1.0
54,0.2791151420924948,0.7951108736307775,0.9561047288271439,0.000111078139246597,1.0
55,0.2840236518726057,0.7757948169917179,0.9561047288271439,0.00034892262357359927,1.0
56,0.276680238669582,0.7798557306973016,0.9609938551963666,0.00014234290521420616,1.0
57,0.2522736363974174,0.7722949505744057,0.9609938551963666,0.0001579289302170453,1.0
58,0.2519691041931679,0.8081752604862409,0.9609938551963666,0.00015084719903222607,1.0
59,0.2611341397275876,0.7895271172855998,0.9640395404755543,0.0001601663996279206,1.0
60,0.2741719011230706,0.7710659898477157,0.9640395404755543,0.0003292902563154939,1.0
61,0.2732842241427911,0.780710659898477,0.9640395404755543,0.0002259279693788543,1.0
62,0.2521914157554086,0.7966069997328347,0.9640395404755543,0.0003399624638013364,1.0
63,0.24456307745016242,0.8013625434143734,0.9640395404755543,0.0003370669674734607,1.0
64,0.2533137413677961,0.7837296286401283,0.9640395404755543,0.000377206714375433,1.0
65,0.2689683339263683,0.789206518835159,0.9640395404755543,0.0003111021026180144,1.0
66,0.291963431345661,0.8017098584023511,0.9640395404755543,0.0002578643320110854,1.0
67,0.24451710576217134,0.7857333689553834,0.9640395404755543,0.00030707794026291625,1.0
68,0.2472164973298534,0.7946834090301896,0.9640395404755543,0.0003808568272826735,1.0
69,0.2580550620866869,0.7833021640395404,0.9640395404755543,0.00036982660148045634,1.0
70,0.23470400023699298,0.7993588030991183,0.9640395404755543,0.001158297765085355,0.9971428571428571
71,0.21770005470755233,0.8111942292278922,0.9681538872562114,0.001688347969484138,0.9971830985915492
72,0.25164525575058794,0.7918247395137591,0.9681538872562114,0.0006592398926578983,1.0
73,0.24850530197486545,0.7997595511621693,0.9681538872562114,0.0006258264833914389,1.0
74,0.219228257195386,0.7949238578680203,0.9681538872562114,0.0012870879472973355,0.9972972972972973
75,0.20618919600862268,0.8205717339032862,0.9681538872562114,0.0021884596127547057,0.9973333333333333
76,0.21577898826433456,0.8058242051830083,0.9681538872562114,0.00037417830634513965,1.0
77,0.2086007277364031,0.8017632914774244,0.9681538872562114,0.0007210730490197777,1.0
78,0.20256565449614344,0.825220411434678,0.9681538872562114,0.0005450904208150455,1.0
79,0.19326983358939379,0.8122361741918247,0.9700507614213197,0.0007777460393783896,0.9974683544303797
80,0.24042126569526284,0.7951643067058509,0.9700507614213197,0.0009155380399246115,0.9974999999999999
81,0.21844582729427206,0.8087095912369756,0.9700507614213197,0.0011028823229289055,0.9975308641975309
82,0.19484652597388696,0.8017632914774244,0.9700507614213197,0.0009725413059636472,0.9975609756097562
83,0.210926921500866,0.8050494255944429,0.9737643601389259,0.0006804469477332047,1.0
84,0.18965879177866993,0.8111942292278922,0.9737643601389259,0.001823677502961398,0.9976190476190476
85,0.18709193010080555,0.8098316858135186,0.9737643601389259,0.0013109581709583073,0.9976470588235294
86,0.20766436431462537,0.8088431739246593,0.9737643601389259,0.0013105864014911896,0.9976744186046511
87,0.20253783116560903,0.806759283996794,0.9737643601389259,0.001128409486560941,0.9977011494252874
89,0.21837795174094649,0.8073470478226021,0.9737643601389259,0.0013042136709099995,0.997752808988764
90,0.1914798597468432,0.8261020571733904,0.9737643601389259,0.0017492246953483323,0.9977777777777778
91,0.19880320205317709,0.8178733636120759,0.9737643601389259,0.0014772040125526405,0.9956043956043956
92,0.19796668779035514,0.8162169382847984,0.9737643601389259,0.0017442462125996146,0.9956521739130434
93,0.18014514918323815,0.8261287737109271,0.9737643601389259,0.002052732566714135,0.9956989247311828
94,0.17609702197082705,0.830964467005076,0.9756345177664976,0.002509830158262348,0.9957446808510639
96,0.17659295677528603,0.8351589633983435,0.9756345177664976,0.0014215996582360062,0.9958333333333333
97,0.1867961845531577,0.8283195297889394,0.9756345177664976,0.0009703047849007728,1.0
98,0.18352808339876542,0.8267165375367351,0.9756345177664976,0.001333185651110353,0.9959183673469388
99,0.1930531741229715,0.8266096713865883,0.9756345177664976,0.0013685301181694239,0.997979797979798
101,0.1461410994145514,0.8625166978359605,0.9781191557574139,0.0023195076367943475,0.996039603960396
102,0.16446071615720348,0.8496126102057172,0.9781191557574139,0.001754799505191034,0.9980392156862745
103,0.16082744739469235,0.857306973016297,0.9781191557574139,0.002393614905941985,0.9980582524271846
105,0.18095751229759327,0.8443761688485172,0.9803633449104996,0.0017421584851090182,0.9980952380952381
106,0.15762750636976722,0.8641196900881646,0.9803633449104996,0.002435901415188542,0.9962264150943396
107,0.17183730881948373,0.8513759016831418,0.9803633449104996,0.0022562570821926175,0.994392523364486
109,0.17452580565311765,0.8451776649746193,0.9803633449104996,0.0018525130043185651,0.9944954128440366
110,0.17352695685737438,0.8361741918247395,0.9803633449104996,0.0018297470065749173,0.9981818181818183
112,0.20166413922473528,0.8360940422121292,0.9803633449104996,0.0017038558940011272,0.9982142857142857
113,0.18567912624434393,0.8373764360138927,0.9803633449104996,0.001893872924339578,0.9964601769911503
115,0.17931669284094406,0.8524178466470745,0.9803633449104996,0.001691264971444269,0.9982608695652175
116,0.1729937346015856,0.8331819396206251,0.9803633449104996,0.0023383040265860674,0.9965517241379309
117,0.17737555021228488,0.8417579481699173,0.9803633449104996,0.0022199756835285466,0.9931623931623932
119,0.17114162130350705,0.8420518300828214,0.9803633449104996,0.0031233922883977237,0.9949579831932773
121,0.16996068580700469,0.8426128773710928,0.9803633449104996,0.0030008969936773156,0.9933884297520661
122,0.18219564061534071,0.8550093507881378,0.9803633449104996,0.0024094100176637297,0.9950819672131148
124,0.1843926383758177,0.8309644670050762,0.9803633449104996,0.0024373633071980696,0.9951612903225806
125,0.17690898580244088,0.8404221212930804,0.9803633449104996,0.0031646363909781728,0.9952
127,0.15631670478704493,0.8395137590168315,0.9803633449104996,0.0029770860474693755,0.9952755905511811
129,0.17996847711138936,0.8312316323804435,0.9803633449104996,0.0021991020625069854,0.9968992248062015
130,0.15506146304220372,0.8371894202511356,0.9855196366550896,0.0035092050835563576,0.9953846153846154
132,0.16467328768827133,0.852872027785199,0.9855196366550896,0.003650332916518771,0.9939393939393939
134,0.16854091320246353,0.8295217739780923,0.9855196366550896,0.004195897022329789,0.991044776119403
135,0.15861319326343798,0.8459257280256478,0.9855196366550896,0.0035248731561897976,0.9925925925925926
137,0.15286699454126768,0.8573604060913705,0.9855196366550896,0.0030919984839187014,0.9956204379562044
139,0.16916900042252386,0.849746192893401,0.9885386053967405,0.003145145701852135,0.9928057553956835
141,0.1636659006431102,0.8592305637189419,0.9885386053967405,0.0032031089897096195,0.9943262411347517
143,0.15612843914069593,0.8732033128506546,0.9885386053967405,0.0040485633064322665,0.993006993006993
144,0.17035892299921143,0.8552497996259685,0.9885386053967405,0.003118793483733542,0.9944444444444445
146,0.1559741179299013,0.8606999732834625,0.9885386053967405,0.0028292989161719812,0.9958904109589041
148,0.16173140480127174,0.8545818861875502,0.9885386053967405,0.003348513534416061,0.9918918918918918
150,0.13542830946545834,0.8720277851990381,0.9885386053967405,0.0043128737397743495,0.992
152,0.15800968504186172,0.8512957520705315,0.9885386053967405,0.0038784012882945836,0.993421052631579
154,0.13658336465627868,0.8596045952444562,0.9885386053967405,0.004495294490993948,0.9935064935064934
156,0.15285024676380118,0.8673523911301094,0.9885386053967405,0.003563441273748505,0.9923076923076923
158,0.14368495852509228,0.8583222014426932,0.9885386053967405,0.00399398795396041,0.9936708860759493
160,0.14053761065684267,0.8642532727758482,0.9885386053967405,0.00426453192744526,0.99375
162,0.14574441118114378,0.8451776649746193,0.9885386053967405,0.004602931911741335,0.9938271604938272
164,0.1528956379887142,0.8531391931605665,0.9885386053967405,0.00419971973910995,0.9951219512195122
166,0.15258229070335688,0.8653219342773177,0.9885386053967405,0.004183239577022593,0.9951807228915662
168,0.15521555144874638,0.8451242318995458,0.9885386053967405,0.004708535814420793,0.9916666666666668
171,0.1527611106302132,0.8597648944696769,0.9885386053967405,0.004493662505240829,0.9906432748538011
173,0.15673821708824787,0.8537002404488379,0.9885386053967405,0.004073124823782396,0.9919075144508671
175,0.15849504939885622,0.857734437616885,0.9885386053967405,0.003984964622103489,0.9908571428571429
177,0.15068517281127142,0.858829815655891,0.9885386053967405,0.004338794033008929,0.9943502824858758
180,0.13590178141085366,0.8631846112743787,0.9885386053967405,0.004648814008269702,0.9944444444444445
182,0.13146639270619637,0.8714133048356933,0.9885386053967405,0.004321239293857587,0.9945054945054945
184,0.1509433374984279,0.8559177130643869,0.9885386053967405,0.0036533372975008,0.9945652173913043
187,0.14853064195837434,0.8632113278119155,0.9885386053967405,0.004762878104748672,0.9925133689839573
189,0.1409099842483744,0.8718407694362812,0.9885386053967405,0.004483890085454812,0.9904761904761905
192,0.13354575764578352,0.8688752337697034,0.9885386053967405,0.004713641166355559,0.9927083333333332
194,0.14711516921005954,0.852578145872295,0.9885386053967405,0.00481453586292486,0.9927835051546392
197,0.13715404866963607,0.8710659898477158,0.9885386053967405,0.004730002087220345,0.9918781725888325
199,0.14470939697231827,0.8600053433075073,0.9885386053967405,0.005140457332639875,0.9919597989949749
202,0.13697481292404598,0.86882180069463,0.9894469676729895,0.005801571893472088,0.989108910891089
204,0.14532953704984322,0.8750467539406893,0.9894469676729895,0.004725245622844055,0.9921568627450981
207,0.14870447219299038,0.869329414907828,0.9903820464867753,0.005011241081220602,0.9913043478260869
210,0.1365010926002321,0.8664974619289338,0.9903820464867753,0.005658047687538937,0.9904761904761905
212,0.1360604844033386,0.8753139193160566,0.9903820464867753,0.0057717575830752875,0.9915094339622641
215,0.1441269793659325,0.8671386588298157,0.9903820464867753,0.0055914825402341465,0.9906976744186047
218,0.14705022008516827,0.8498530590435479,0.9903820464867753,0.006171032946370914,0.9889908256880734
221,0.14658569131872107,0.8605931071333156,0.9928132514026181,0.006801763600110031,0.9882352941176471
223,0.14428689184180093,0.8664173123163238,0.9928132514026181,0.005750399881649411,0.9919282511210762
226,0.14542229575477159,0.8599519102324338,0.9928132514026181,0.006379535480386188,0.9911504424778761
229,0.14195646580183535,0.8730430136254341,0.9939353459791611,0.006697213564563762,0.9877729257641921
232,0.1283632939123575,0.8872027785199039,0.9939353459791611,0.006498869365815544,0.9905172413793103
235,0.12508851054362297,0.8834891798022977,0.9939353459791611,0.006880178844587347,0.9897872340425533
238,0.13486726901527785,0.8813785733368956,0.9939353459791611,0.006516878647213892,0.9907563025210084
241,0.13582295028668007,0.8823403686882181,0.9939353459791611,0.006490394677391031,0.9900414937759336
244,0.1411247371335757,0.8699438952711729,0.9939353459791611,0.0058738179860711535,0.990983606557377
248,0.1265725265527484,0.8839166444028853,0.9939353459791611,0.007905236449623175,0.9862903225806452
251,0.12771216270511437,0.8756345177664976,0.9939353459791611,0.007191543257396407,0.9880478087649402
254,0.14259710072945428,0.869222548757681,0.9939353459791611,0.006562106095128094,0.988976377952756
257,0.12964122838174177,0.8807106598984771,0.9939353459791611,0.006502645904400775,0.9875486381322958
261,0.1342179616237169,0.8793748330216404,0.9939353459791611,0.006776490285999447,0.9885057471264368
264,0.1275390505719519,0.8780657226823404,0.9939353459791611,0.007253420079679393,0.9886363636363636
267,0.13410806672186293,0.8748063051028586,0.9939353459791611,0.007212975390813623,0.9880149812734083
271,0.1279819028104115,0.8810045418113812,0.9939353459791611,0.007535752061628982,0.9859778597785978
274,0.12521464169866925,0.888191290408763,0.9939353459791611,0.008841490799019028,0.9832116788321168
278,0.1301666296509953,0.8805770772107936,0.9939353459791611,0.008823778711041964,0.983453237410072
282,0.1328871104958855,0.8810846914239914,0.9939353459791611,0.0076367937549408115,0.9843971631205675
285,0.1394730500376694,0.8759551162169382,0.9939353459791611,0.008549755373206389,0.9845614035087719
289,0.1401989273682076,0.8840235105530324,0.9939353459791611,0.00832429999457315,0.9847750865051903
293,0.14655530390781774,0.8873630777451244,0.9939353459791611,0.008426982111394985,0.9856655290102389
296,0.14011004071709304,0.8944963932674327,0.9939353459791611,0.008610607986303106,0.9851351351351351
300,0.13099336366038555,0.8899278653486509,0.9939353459791611,0.009234118966648391,0.9833333333333332
304,0.1362239583466709,0.8777184076943627,0.9939353459791611,0.009655166707854271,0.9828947368421053
308,0.12836134859251774,0.8949505744055569,0.9939353459791611,0.009504958653872589,0.9824675324675324
312,0.12312407942708012,0.8938017632914775,0.99484370825541,0.009426134935760788,0.9852564102564102
316,0.1286385791731372,0.8900881645738712,0.99484370825541,0.00906671545617918,0.9816455696202532
320,0.1291424644974902,0.8913171253005612,0.99484370825541,0.009118034727387888,0.9824999999999999
324,0.13562067635990785,0.8875500935078815,0.99484370825541,0.009186094264309861,0.982716049382716
328,0.13621929984999653,0.8968474485706655,0.99484370825541,0.009300707161172189,0.9829268292682926
333,0.12942272155889048,0.9006679134384183,0.99484370825541,0.010216807882540629,0.9825825825825826
337,0.12746339469755416,0.8978626769970612,0.9965535666577612,0.009451428573182425,0.9816023738872403
341,0.12288021569897796,0.9038204648677531,0.9965535666577612,0.009979112208381952,0.9794721407624634
346,0.13646850198274987,0.8849051562917445,0.9974619289340101,0.01020067539936844,0.9809248554913296
350,0.1275497120477877,0.8974619289340102,0.9974619289340101,0.01024301860200846,0.9811428571428571
355,0.11851617540930848,0.9059043547956185,0.9974619289340101,0.01029138613399812,0.9825352112676058
359,0.1266296760697638,0.9030189687416511,0.9974619289340101,0.009614646582999386,0.9844011142061282
364,0.11585401081154405,0.908896606999733,0.9974619289340101,0.01057033664852574,0.982967032967033
369,0.12161610583741984,0.9061982367085226,0.9974619289340101,0.010335576302754366,0.9815718157181571
373,0.11951157445446854,0.8982634250601123,0.9974619289340101,0.010224972580658853,0.9828418230563003
378,0.11468190522690538,0.9135987176061983,0.9982634250601121,0.010573941902939216,0.9825396825396826
383,0.11084362361736447,0.9149612610205716,0.9982634250601121,0.009856202023994839,0.9822454308093995
388,0.11067494441762922,0.9133315522308308,0.9982634250601121,0.01068507670134857,0.9829896907216495
393,0.11830607503448447,0.90777451242319,0.9982634250601121,0.01018268834822571,0.9842239185750635
398,0.1107570703415193,0.9137055837563451,0.9982634250601121,0.010465568366958642,0.9834170854271356
403,0.11881875731107731,0.9098584023510554,0.9982634250601121,0.010360015281982143,0.9836228287841191
409,0.11681155104530969,0.9109270638525248,0.9982634250601121,0.010789383142791337,0.9819070904645477
414,0.10830111375681868,0.9198503873897943,0.9982634250601121,0.010549919011081262,0.9830917874396136
419,0.1125532640402811,0.9165375367352391,0.9982634250601121,0.010803071927673923,0.9823389021479713
425,0.1199538151542493,0.9125567726422655,0.9982634250601121,0.01044204260270509,0.9830588235294118
430,0.11097522279631984,0.9200641196900881,0.9982634250601121,0.010639393453041875,0.9818604651162792
436,0.11463242634209259,0.9080951108736308,0.9982634250601121,0.011919496319648346,0.9811926605504586
441,0.10974185643234136,0.9115415442158696,0.9982634250601121,0.010703554766517683,0.983219954648526
447,0.11492966024182827,0.9184344109003474,0.9982634250601121,0.010096061144538909,0.9847874720357941
453,0.10853818516459124,0.9139727491317127,0.9982634250601121,0.010945841235821924,0.9832229580573951
459,0.10953360473610092,0.9150146940956452,0.9982634250601121,0.010602413115694199,0.9838779956427015
464,0.10567552631502161,0.9165108201977024,0.9982634250601121,0.011425772748817058,0.9814655172413793
470,0.11178687657902822,0.9112209457654288,0.9982634250601121,0.010722681755390722,0.9834042553191489
477,0.10352160640797967,0.9216136788672188,0.9982634250601121,0.011358911555235338,0.9823899371069184
483,0.10307969612673876,0.9207854662035799,0.9982634250601121,0.012560399583998424,0.9805383022774328
489,0.103302438861728,0.9262356398610742,0.9982634250601121,0.012323264413531756,0.9832310838445807
495,0.10347431759392996,0.9204114346780659,0.9982634250601121,0.012277768087039469,0.9814141414141415
502,0.10613751909865851,0.9177664974619291,0.9982634250601121,0.012432051294003505,0.9812749003984063
508,0.11107758310517987,0.91432006411969,0.9982634250601121,0.012450422954763493,0.9795275590551181
515,0.11450585699379634,0.922815923056372,0.9982634250601121,0.012471681387677454,0.9809708737864078
521,0.11407006968112603,0.9169917178733638,0.9982634250601121,0.012226327754439659,0.9792706333973127
528,0.10907669650551129,0.9119422922789207,0.9982634250601121,0.01231276737536798,0.9787878787878788
535,0.10467520333229045,0.922388458455784,0.9982634250601121,0.013200570125767624,0.9757009345794392
542,0.10193454148176251,0.9299492385786803,0.9982634250601121,0.012762202787958348,0.9797047970479704
549,0.10519967271395603,0.9157894736842106,0.9982634250601121,0.013021769822133253,0.9799635701275046
556,0.10634278171573022,0.9223617419182475,0.9982634250601121,0.0131922652620655,0.9755395683453237
563,0.10374161251510197,0.9222548757681004,0.9982634250601121,0.012502866181704209,0.9786856127886322
570,0.10156192454086466,0.9216671119422923,0.9982634250601121,0.013741527438330386,0.9775438596491227
578,0.10597399920778508,0.9189954581886187,0.9982634250601121,0.013479214917142235,0.9757785467128027
585,0.10321942890068878,0.9244456318461127,0.9982634250601121,0.013341291876443565,0.9777777777777776
593,0.10357030745921345,0.9223617419182475,0.9982634250601121,0.013182210567194458,0.978752107925801
600,0.10356934623861178,0.9210793481164842,0.9982634250601121,0.013535878110376121,0.9793333333333333
608,0.10391070202459121,0.9219877103927331,0.9982634250601121,0.013238077623174346,0.9756578947368422
616,0.1054510418571957,0.918674859738178,0.9982634250601121,0.013804031416084559,0.9762987012987013
624,0.10509389022260378,0.9209457654288006,0.9982634250601121,0.014044736836177458,0.9759615384615385
632,0.10121270296568721,0.9278119155757414,0.9982634250601121,0.013069666236970177,0.9791139240506329
640,0.10632561535109772,0.9233769703446434,0.9982634250601121,0.013744747536410033,0.9775
648,0.10721202608950868,0.9249532460593107,0.9982634250601121,0.014248165841595651,0.9768518518518517
657,0.10365451430732453,0.9219877103927331,0.9982634250601121,0.013464668593179241,0.9783866057838659
665,0.10771554336795112,0.9269569863745659,0.9982634250601121,0.013855288879073589,0.9780451127819548
674,0.10417711239944254,0.924739513759017,0.9982634250601121,0.013726172656548527,0.9774480712166174
682,0.10323292703728695,0.927838632113278,0.9982634250601121,0.013954682143211366,0.9777126099706746
691,0.10290585395480756,0.925220411434678,0.9982634250601121,0.014111628280122709,0.9771345875542693
700,0.10156809806003213,0.9273310179000802,0.9982634250601121,0.014123762769135928,0.9757142857142858
709,0.09944045348747618,0.9266096713865883,0.9982634250601121,0.014586573253635576,0.9748942172073344
718,0.10014604984012523,0.9253005610472883,0.9982634250601121,0.015186492246012307,0.9729805013927576
728,0.10055954165408118,0.92471279722148,0.9982634250601121,0.013876602480236557,0.9763736263736262
737,0.09909946174253156,0.929682073203313,0.9982634250601121,0.013769857582315465,0.9769335142469471
747,0.09746959467592331,0.9330483569329415,0.9982634250601121,0.01390751551594364,0.9772423025435073
756,0.10145911107096658,0.9230029388191291,0.9982634250601121,0.013405991276638269,0.9769841269841268
766,0.09701015865700632,0.9317659631311782,0.9982634250601121,0.013754801413455128,0.977023498694517
776,0.09714289482514218,0.9275180336628374,0.9982634250601121,0.013844682288005694,0.9768041237113401
786,0.0963894730138236,0.9278653486508148,0.9982634250601121,0.014619474412684469,0.974554707379135
796,0.09573844864880529,0.9252204114346781,0.9982634250601121,0.01380719886936311,0.9748743718592966
806,0.0957955240379962,0.9329147742452578,0.9982634250601121,0.014485197439358055,0.9764267990074442
817,0.09448382684207796,0.9325941757948171,0.9982634250601121,0.013956440674900214,0.977233782129743
827,0.09651136899867192,0.9318728292813251,0.9982634250601121,0.02623804767470215,0.9748488512696494
838,0.09354465013893526,0.9317392465936415,0.9990916377237509,0.01962965522360103,0.9768496420047732
849,0.09598042733002585,0.930189687416511,0.9990916377237509,0.033938954532440786,0.974793875147232
860,0.095666792212999,0.9300828212663639,0.9990916377237509,0.02001716706814869,0.9758139534883721
871,0.09533203209931629,0.9271707186748597,0.9990916377237509,0.024379018938571688,0.9765786452353616
882,0.09599473617191545,0.9313919316056639,0.9990916377237509,0.03151662590467212,0.97437641723356
893,0.09145180095474661,0.9363612075874966,0.9990916377237509,0.02093169237908448,0.9746920492721165
905,0.09172422247879428,0.9372962864012824,0.9990916377237509,0.023576530720338017,0.9756906077348066
917,0.09007461818536329,0.9377504675394069,0.9990916377237509,0.03271915122904025,0.9751363140676117
928,0.09366984191873332,0.933582687683676,0.9990916377237509,0.02759259108434921,0.9743534482758621
940,0.09412512519636707,0.9320331285065455,0.9990916377237509,0.032269787310114276,0.9738297872340425
953,0.09051627451239713,0.9369222548757682,0.9990916377237509,0.03038857115766406,0.9758656873032528
965,0.09275282261483886,0.934704782260219,0.9990916377237509,0.03073538748045901,0.9740932642487046
977,0.0934422412758232,0.9342238845845579,0.9990916377237509,0.032688137356435346,0.9737973387922212
990,0.0993017877938592,0.9365482233502538,0.9990916377237509,0.027682173767879976,0.9753535353535353
1003,0.09375970348168358,0.9339300026716536,0.9990916377237509,0.021772760630328066,0.9728813559322033
1016,0.09021452744381624,0.9364947902751803,0.9990916377237509,0.02837975251313201,0.9757874015748031
1029,0.08978813704583129,0.9370291210259151,0.9990916377237509,0.021301655561034378,0.973955296404276
1042,0.09412646790059656,0.9368153887256211,0.9990916377237509,0.03213268188964673,0.9742802303262955
1055,0.09377496606173714,0.9384718140528987,0.9990916377237509,0.03151784238691787,0.9728909952606635
1069,0.09165616224110898,0.9334491049959925,0.9990916377237509,0.03178678441915944,0.9708138447146866
1083,0.09470226675203772,0.9331819396206251,0.9990916377237509,0.03154564435657725,0.9721144967682365
1097,0.0867126040893538,0.9412770504942559,0.9990916377237509,0.02710256567386713,0.9737465815861441
1111,0.08808663533071068,0.938445097515362,0.9990916377237509,0.030988626111000894,0.9713771377137714
1125,0.08981356717932583,0.9388725621159498,0.9990916377237509,0.030630912579591912,0.973688888888889
1140,0.0876921935832827,0.9378039006144803,0.9990916377237509,0.03019040135660192,0.9717543859649125
1155,0.09156155370676641,0.9360138925995191,0.9990916377237509,0.03204485736666181,0.9703896103896105
1169,0.08816291193426462,0.9362543414373496,0.9990916377237509,0.02920436550904973,0.9709153122326775
1184,0.08589824568980585,0.9438418380977825,0.9990916377237509,0.029626681019067857,0.9726351351351351
1200,0.08831483112252655,0.9351589633983437,0.9998931338498529,0.031233357148972424,0.9696666666666666
1215,0.08779684035094928,0.9391397274913171,0.9998931338498529,0.02967600366320989,0.9726748971193416
1231,0.0942446845501134,0.9356932941490783,0.9998931338498529,0.024786702860611447,0.9725426482534525
1247,0.08964604384394252,0.9356398610740048,0.9998931338498529,0.026497051206764717,0.9682437850842021
1263,0.08894363255705232,0.9420518300828213,0.9998931338498529,0.028514151456999204,0.9716547901821061
1279,0.08614070286608776,0.9447234838364948,0.9998931338498529,0.029292293887915676,0.9702892885066458
1296,0.08806138607680146,0.9415174993320866,0.9998931338498529,0.030430331192830663,0.9717592592592593
1312,0.09170958438534911,0.9391397274913172,0.9998931338498529,0.026498642256534387,0.9730182926829268
1329,0.08795931182083994,0.9399679401549559,0.9998931338498529,0.02874510649516284,0.9718585402558315
1347,0.0879834474582101,0.9458722949505745,0.9998931338498529,0.02935833543415196,0.9737193763919822
1364,0.08833081028236679,0.9398877905423456,0.9998931338498529,0.030649513321315436,0.9709677419354839
1381,0.0871752452851571,0.940154955917713,0.9998931338498529,0.029827044027972382,0.970890658942795
1399,0.0882267566922312,0.9388191290408763,0.9998931338498529,0.028331090279292547,0.9714081486776269
1417,0.08741403396764778,0.940368688218007,0.9998931338498529,0.029576265847021,0.970501058574453
1436,0.08755392990023335,0.9426663104461662,0.9998931338498529,0.029731771333320545,0.9701949860724234
1454,0.0869182324905398,0.9423724285332622,0.9998931338498529,0.02709270300876666,0.9718019257221459
1473,0.08517029700750282,0.944509751536201,0.9998931338498529,0.028606691621794737,0.9720298710115411
1492,0.08591624220247665,0.942586160833556,0.9998931338498529,0.028905248164646808,0.9714477211796246
1511,0.08601637918181113,0.9412770504942559,0.9998931338498529,0.029865710951310707,0.9677035076108537
1531,0.08807676720412486,0.9428800427464601,0.9998931338498529,0.029043046363349135,0.9712606139777922
1550,0.08600984517581028,0.9423189954581886,0.9998931338498529,0.028735332076319765,0.9692903225806452
1570,0.08532168518416036,0.9439487042479294,0.9998931338498529,0.027854756835320755,0.970063694267516
1591,0.08578579935464686,0.9422388458455784,0.9998931338498529,0.03747990187138266,0.9705845380263984
1611,0.08898545070557776,0.9407961528185946,0.9998931338498529,0.03983359546468639,0.9684667908131596
1632,0.08667282978719373,0.9418915308576008,0.9998931338498529,0.039221768583583796,0.9700980392156863
1653,0.09162961365302105,0.9374031525514294,0.9998931338498529,0.0388450326484707,0.9704779189352692
1674,0.08540208131805668,0.9459791611007213,0.9998931338498529,0.03922169490822671,0.9700119474313024
1696,0.08696049352971065,0.9414907827945498,0.9998931338498529,0.03790446552235484,0.9694575471698114
1718,0.0891269727886731,0.9390328613411703,0.9998931338498529,0.03857103232053144,0.9693830034924332
1740,0.08800709991179503,0.9409297355062785,0.9998931338498529,0.03791670233818696,0.9687356321839081
1763,0.08730603046910856,0.9432540742719743,0.9998931338498529,0.038937622465070806,0.9697107203630175
1785,0.08523070954198984,0.9430937750467538,0.9998931338498529,0.03783607392115179,0.9697478991596638
1808,0.0856517215714315,0.9413572001068662,0.9998931338498529,0.03747180121837988,0.9686946902654867
1832,0.08541888523822341,0.9448303499866417,0.9998931338498529,0.0401633144787449,0.9686681222707424
1855,0.08683679687826429,0.9393801763291478,0.9998931338498529,0.038737687188144444,0.9685175202156333
1879,0.08506607283416516,0.9431472081218274,0.9998931338498529,0.03795410634822079,0.9691325172964342
1903,0.08617423715285419,0.9423724285332622,0.9998931338498529,0.0387981871944712,0.9695218076720966
1928,0.08730285784739615,0.9397542078546619,0.9998931338498529,0.03910444772643116,0.9682572614107883
1953,0.08410263221932593,0.9449372161367886,0.9998931338498529,0.03877212697446374,0.9683563748079876
1978,0.08270905706166065,0.9454448303499866,0.9998931338498529,0.035699691607924876,0.9688574317492415
2004,0.08191947309562521,0.9468875233769702,0.9998931338498529,0.03686138259157123,0.9682634730538922
2029,0.08506075176593628,0.9414106331819395,0.9998931338498529,0.03765478378289015,0.9675702316412027
2056,0.0821839307220463,0.9469142399145071,0.9998931338498529,0.03696992436676593,0.9687743190661479
2082,0.08460433553037297,0.9440555703980763,0.9998931338498529,0.038512931969621175,0.9679154658981748
2109,0.08452443737457188,0.9441624365482234,0.9998931338498529,0.035998671323045135,0.9671882408724514
2136,0.08136854205888173,0.9457119957253539,0.9998931338498529,0.04590021187669836,0.9682584269662922
2164,0.0832085102598403,0.9475821533529254,0.9998931338498529,0.04327628543520121,0.9680221811460259
2192,0.08223077968798016,0.94680737376436,0.9998931338498529,0.05331608576075113,0.9680656934306571
2220,0.08276186707017708,0.9485439487042479,0.9998931338498529,0.05165951957893853,0.9672972972972973
2249,0.08159314186996258,0.949452310980497,0.9998931338498529,0.05119398167002613,0.9690529124055136
2278,0.08210868859836296,0.9478493187282929,0.9998931338498529,0.05111910640135879,0.9690079016681299
2307,0.08340033287209943,0.9472081218274111,0.9998931338498529,0.06026349788976719,0.9667100130039012
2337,0.08265061776757698,0.9455784130376703,0.9998931338498529,0.060691856534194344,0.9670517757809158
2367,0.07997554929595718,0.9497194763558643,0.9998931338498529,0.05826886770437627,0.9690747782002536
2397,0.08288897848059867,0.9476623029655358,0.9998931338498529,0.058947530605608235,0.9677930746766792
2428,0.08134245627310865,0.9488111140796154,0.9998931338498529,0.05767676897987305,0.9688632619439866
2460,0.08097845540726335,0.9475821533529254,0.9999198503873897,0.05881676289695378,0.9677235772357724
2491,0.08267736035582403,0.9465936414640662,0.9999198503873897,0.057307492127739945,0.9671617824167
2524,0.07975359355512893,0.9499866417312315,0.9999198503873897,0.057142542231768755,0.9675118858954042
2556,0.08120259931973255,0.9474485706652418,0.9999198503873897,0.056132757559505794,0.9668231611893585
2589,0.08088050193711949,0.9456585626502806,0.9999198503873897,0.05608686439409131,0.9666280417149478
2622,0.08136411370875347,0.9478493187282929,0.9999198503873897,0.054833321991416675,0.9682684973302822
2656,0.07986906106780019,0.9475821533529254,0.9999198503873897,0.05494658544830537,0.966566265060241
2691,0.0800683852278912,0.9488912636922254,0.9999198503873897,0.05519919728874528,0.9664065403195838
2725,0.08148239221707133,0.9474752872027785,0.9999198503873897,0.05508554621719093,0.968
2760,0.07963947544093333,0.9483836494790276,0.9999198503873897,0.05341297534681453,0.9682608695652174
2796,0.08167242201622885,0.9499332086561582,0.9999198503873897,0.05267460288847955,0.9680257510729614
2832,0.07865772962174218,0.9515362009083624,0.9999198503873897,0.0522152473931651,0.9685734463276836
2869,0.07926943003893919,0.9484637990916376,0.9999198503873897,0.05323645121364212,0.9681422098292087
2906,0.07943164696388746,0.9489179802297624,0.9999198503873897,0.05211987330504665,0.9671025464556091
2943,0.07892407251381489,0.9514293347582153,0.9999198503873897,0.050771532029690244,0.9674481821270812
2981,0.07810993397280294,0.9503606732567459,0.9999465669249264,0.05171279353906372,0.9665883931566588
3020,0.07925101201668497,0.9508682874699439,0.9999465669249264,0.05197812503596207,0.9668874172185431
3059,0.07725729398104533,0.9528987443227358,0.9999465669249264,0.05041681286087962,0.9683556717881661
3098,0.07866315128267799,0.9520170985840236,0.9999465669249264,0.05024582847969653,0.9683666881859263
3138,0.0781360171847735,0.9499064921186214,0.9999465669249264,0.04938568990087438,0.9676226896112172
3178,0.07859471081674373,0.950547689019503,0.9999465669249264,0.04876650361126099,0.9694147262429201
3219,0.07705182216307753,0.9519369489714133,0.9999465669249264,0.05698449392756699,0.9683752718235477
3261,0.07644962963817518,0.9530590435479562,0.9999465669249264,0.054425827805989827,0.970561177552898
3303,0.07628109793247066,0.9527384450975154,0.9999465669249264,0.05648049658642327,0.9685134726006661
3346,0.07674084969417408,0.9505209724819663,0.9999465669249264,0.05577635201153046,0.9669456066945606
3389,0.07590645402535025,0.9532727758482501,0.9999465669249264,0.054412402453052254,0.969371496016524
3433,0.07691562171437624,0.9519903820464867,0.9999465669249264,0.05762370234076184,0.9674337314302359
3477,0.07709939294525453,0.9520972481966338,0.9999465669249264,0.05323588606206936,0.9685936151855048
3522,0.07889193377659891,0.9525514293347582,0.9999465669249264,0.05326360473968085,0.9680295286768882
3567,0.07716818911330456,0.9530590435479562,0.9999465669249264,0.05237960029461906,0.9666386319035605
3613,0.07662338317602051,0.9519102324338766,0.9999465669249264,0.05267949719581879,0.967949072792693
3660,0.07792319113914818,0.9516965001335826,0.9999465669249264,0.058249207939534677,0.9687978142076503
3707,0.07568495904306292,0.9519102324338766,0.9999465669249264,0.05830245965291827,0.9667655786350148
3755,0.07604236406710249,0.9530323270104194,0.9999465669249264,0.06257974427900728,0.9682023968042609
3803,0.07638738310018714,0.9529521773978094,0.9999465669249264,0.06307366306641914,0.9669734420194583
3852,0.07640691168305783,0.9524445631846113,0.9999465669249264,0.06203361751852503,0.9685877466251298
3902,0.07568742907465728,0.9537269569863746,0.9999465669249264,0.06098106774712995,0.9674013326499231
3952,0.07577342054549584,0.9529254608602725,0.9999465669249264,0.059718735023894895,0.9683704453441295
4003,0.07655985626938651,0.9518567993588032,0.9999465669249264,0.06161839758286427,0.9674244316762429
4055,0.07535082554170944,0.9545818861875501,0.9999465669249264,0.059468437893691106,0.9692231812577065
4107,0.07565971850459399,0.9518835158963398,0.9999465669249264,0.05969596913272394,0.9679571463355247
4160,0.0766554687427901,0.9516163505209725,0.9999465669249264,0.061486178676733894,0.9662980769230769
4214,0.07677756697961365,0.9509484370825539,0.9999465669249264,0.060187918292853214,0.966018035121025
4268,0.07606736358984476,0.9516430670585091,0.9999465669249264,0.0588723934940953,0.9665885660731022
4323,0.07617481465523784,0.9521239647341705,0.9999465669249264,0.057993189132660605,0.9663196854036549
4379,0.07852411689472874,0.9527651616350521,0.9999465669249264,0.06148569486859719,0.9678465403060059
4436,0.0770714071707099,0.9529521773978094,0.9999465669249264,0.05944696535975269,0.9694319206492334
4493,0.07802049078197262,0.9523376970344642,0.9999465669249264,0.056506849683308234,0.9659025150233698
4551,0.07703729223076758,0.9526582954849051,0.9999465669249264,0.05583928496944788,0.9670402109426501
4609,0.07866165255033458,0.9514827678332889,0.9999465669249264,0.05577309848755907,0.9660229984812323
4669,0.07779871717500217,0.9524445631846113,0.9999465669249264,0.05699196448945933,0.9668879845791392
4729,0.07716872364404406,0.9529254608602725,0.9999465669249264,0.05788872105484455,0.9674349756819624
4790,0.07671862934206865,0.9520972481966338,0.9999465669249264,0.05396772700335408,0.9665553235908142
4852,0.07567338417869685,0.9545818861875501,0.9999465669249264,0.05530494696442908,0.9678070898598516
4914,0.07578885826251575,0.9532994923857869,0.9999465669249264,0.056040105466571434,0.9656084656084657
4978,0.0765346648926721,0.9526315789473685,0.9999465669249264,0.05384081029363359,0.9653274407392527
5042,0.07524648290769749,0.9528185947101255,0.9999465669249264,0.05344160867723844,0.9656882189607299
5107,0.0750396042439749,0.9527918781725889,0.9999465669249264,0.052177935413801224,0.9671039749363619
5173,0.07551058662584598,0.9532727758482501,0.9999465669249264,0.052631856045150895,0.9667890972356468
5240,0.07555736024734183,0.9538605396740583,0.9999465669249264,0.05402172509813099,0.9662977099236641
5307,0.0765667990150275,0.9531124766230296,0.9999465669249264,0.05359531120930836,0.9670246843791219
5376,0.0750620679715713,0.9545551696500134,0.9999465669249264,0.05101359009285923,0.9670014880952381
5445,0.07530238418436482,0.9543681538872562,0.9999465669249264,0.051916559993508346,0.9661340679522498
5515,0.07362783280663832,0.9555436815388726,0.9999465669249264,0.0507531573961022,0.9674705349048051
5586,0.07409995035848908,0.9548490515629174,0.9999465669249264,0.05318741621576274,0.9653419262441819
5659,0.07602659662716588,0.95327277584825,0.9999465669249264,0.05008982467016939,0.9659657183247923
5732,0.0753052735059228,0.954394870424793,0.9999465669249264,0.052604388126723634,0.9657711095603629
5805,0.07469276114237158,0.9560512957520706,0.9999465669249264,0.049294783111998496,0.9665116279069768
5880,0.07688964795041389,0.953085760085493,0.9999465669249264,0.0494675845134442,0.9650000000000001
5956,0.07444564926437713,0.9549826342506013,0.9999465669249264,0.04904854688529216,0.9658831430490261
6033,0.0742702784438613,0.9543147208121827,0.9999465669249264,0.0503696938604581,0.9671805072103432
6111,0.07408529301547576,0.95581084691424,0.9999465669249264,0.049670700456918085,0.9671739486172475
6190,0.07405624107089577,0.9573069730162971,0.9999465669249264,0.05181809224798728,0.9690468497576736
6270,0.07415856023447662,0.9534865081485439,0.9999465669249264,0.05244501798622943,0.9656459330143541
6350,0.07444398341372106,0.9543414373497194,0.9999465669249264,0.05009282334654171,0.9654488188976378
6432,0.07400187526213545,0.955303232701042,0.9999465669249264,0.0509763761967275,0.9671641791044776
6515,0.07447441644700317,0.9528987443227358,0.9999465669249264,0.05149905306380913,0.9638372985418264
6599,0.07496453997510341,0.9556238311514829,0.9999465669249264,0.04948642761419957,0.9660857705712986
6684,0.07545205557459427,0.9542880042746461,0.9999465669249264,0.048570765248158364,0.9650807899461402
6771,0.07503717029680698,0.956505476890195,0.9999465669249264,0.05092076901256385,0.9660316053758677
6858,0.0748033940659426,0.953593374298691,0.9999465669249264,0.04978354570007447,0.9645377661125693
6946,0.07476086682668197,0.9555436815388724,0.9999465669249264,0.05017534853080946,0.965879642959977
7036,0.0745249027744363,0.9519102324338766,0.9999465669249264,0.04864392444468545,0.9628197839681638
7127,0.07361679644101723,0.9552497996259686,0.9999465669249264,0.04976747446969209,0.9649501894205134
7219,0.07458001096130386,0.9529521773978094,0.9999465669249264,0.04940058052668252,0.9638454079512397
7312,0.07323189836114168,0.9555169650013358,0.9999465669249264,0.048189811105847545,0.9653172866520787
7406,0.07260052514991859,0.9546620358001603,0.9999465669249264,0.047867104934333535,0.9655144477450716
7502,0.07278941290266265,0.9553299492385786,0.9999465669249264,0.04566843288887201,0.9658224473473741
7599,0.07366156879168786,0.9544215869623297,0.9999465669249264,0.047490944304344494,0.9621792341097514
7697,0.07447403739459531,0.9550895004007481,0.9999465669249264,0.04680370208279756,0.9644017149538782
7796,0.07505700614025805,0.953673523911301,0.9999465669249264,0.04563421044773423,0.9631605951770139
7896,0.0730081758129651,0.9550093507881379,0.9999465669249264,0.04816069762720979,0.9647669706180345
7998,0.07272113029529184,0.9554100988511888,0.9999465669249264,0.050561138131905645,0.962940735183796
8101,0.07300912065126706,0.9549559177130644,0.9999465669249264,0.05025447491767719,0.9647450931983705
8206,0.07280469805072425,0.9551162169382847,0.9999465669249264,0.05112987375250642,0.9645381428223251
8312,0.07456329771106318,0.954181138124499,0.9999465669249264,0.05194147958774663,0.9630413859480271
8419,0.07256321205774531,0.954688752337697,0.9999465669249264,0.05200622545343407,0.9631310131844637
8528,0.07214001424732401,0.9561314453646806,0.9999465669249264,0.05160884176719892,0.964141651031895
8638,0.07467827825719632,0.9544215869623297,0.9999465669249264,0.05075027282164698,0.9642972910395926
8749,0.07507766562742783,0.9539941223617419,0.9999465669249264,0.05369353945996441,0.9621442450565778
8862,0.07249209747056787,0.9545818861875501,0.9999465669249264,0.052918670203189036,0.963055743624464
8976,0.07323098777371925,0.953379641998397,0.9999465669249264,0.05411206263417295,0.9619206773618538
9092,0.07306466620872762,0.9543147208121827,0.9999465669249264,0.051160451061724066,0.9624945006599208
9209,0.07617214657453265,0.9523376970344645,0.9999465669249264,0.05266914628979621,0.9617330871973071
9328,0.07373101394331663,0.9549826342506013,0.9999465669249264,0.05135955467051486,0.9629288164665523
9448,0.07313945359052774,0.953673523911301,0.9999465669249264,0.05379244123588791,0.962320067739204
9570,0.07385882060769519,0.9546086027250869,0.9999732834624633,0.056148246529972724,0.9630929989550678
9694,0.07224642960860554,0.9558642799893133,0.9999732834624633,0.054305404955623734,0.9654838044151021
9819,0.07499925113358545,0.9550627838632113,0.9999732834624633,0.05499818989189194,0.9633974946532232
9945,0.07380866769710728,0.9544483034998665,0.9999732834624633,0.05617529328336681,0.9626344896933132
10074,0.07219140068098343,0.9547689019503072,0.9999732834624633,0.05564374316866731,0.9632320825888426
10203,0.07321072106712379,0.9539941223617419,0.9999732834624633,0.05607894697182749,0.9631872978535725
10335,0.07280635822920885,0.9550895004007481,0.9999732834624633,0.0556545268507457,0.9625350749879052
10468,0.07279466030521234,0.9538605396740583,1.0,0.05552690022383612,0.9621322124570119
10603,0.07476209915980629,0.9534063585359338,1.0,0.05494141378936128,0.9625011789116288
10740,0.07515482418619186,0.9520170985840235,1.0,0.05496762510513207,0.9610428305400373
10879,0.07277190530435045,0.9562115949772909,1.0,0.05444613124736899,0.9638018200202223
11019,0.07406278307815108,0.9528185947101255,1.0,0.05412560272028919,0.9618114166439785
11161,0.07502979268323867,0.9523376970344642,1.0,0.05376003244448195,0.9607562046411611
11305,0.07251828822405909,0.9550627838632113,1.0,0.05322901762957566,0.9629721362229102
11451,0.07237708952844349,0.955703980764093,1.0,0.05412894791057995,0.9633569120600821
11599,0.07327247648128117,0.9563184611274378,1.0,0.053639744003501535,0.9631002672644193
11748,0.07610277623844966,0.9554635319262624,1.0,0.053808728456195574,0.9633469526727954
11900,0.07465121995141022,0.9554635319262624,1.0,0.055690483978805584,0.9623193277310923
12053,0.07415865031739685,0.9548490515629174,1.0,0.05246976338423517,0.9625487430515225
12209,0.07187309391104292,0.9569596580283195,1.0,0.051251395697810745,0.9645015971824064
12366,0.07292094517471513,0.9531926262356398,1.0,0.05218426214634268,0.9620249070030729
12526,0.07345753943724884,0.954100988511889,1.0,0.05129214891595522,0.9628772153919846
12687,0.07281780952228159,0.9563184611274378,1.0,0.0502257184799386,0.9641049893591866
12851,0.07332461090685449,0.9564787603526582,1.0,0.05193935283115897,0.9634114076725545
13017,0.07106005412429019,0.9569596580283196,1.0,0.05176854527592768,0.9639855573480833
13185,0.0721648893150431,0.9560780122896071,1.0,0.05257929441633473,0.9636860068259386
13355,0.072916105147308,0.9547689019503073,1.0,0.05340111344882585,0.9623811306626731
13527,0.07229701394133084,0.9558909965268502,1.0,0.05152657898603972,0.963879648111185
13701,0.07186414261767776,0.9564520438151216,1.0,0.05315275373170113,0.9636230932048756
13878,0.07557391502521955,0.9543414373497197,1.0,0.05424638474417505,0.9626170917999712
14057,0.07395079434361249,0.9542078546620358,1.0,0.05318359347084086,0.962026036849968
14239,0.07362421651018829,0.9549559177130643,1.0,0.05476432839952135,0.9623428611559801
14422,0.07263257228871481,0.9571199572535398,1.0,0.05367517284983836,0.9634724726112882
14608,0.07442000048213511,0.9554902484637993,1.0,0.05455878494010043,0.9620755750273823
14797,0.07384026062554075,0.9565856265028051,1.0,0.05282975971907113,0.962843819693181
14987,0.07316750467324365,0.9545551696500134,1.0,0.05475789670638294,0.9626476279442183
15181,0.07208464776064227,0.9553566657761154,1.0,0.05412257548675288,0.9627824254001712
15377,0.07440435295152241,0.9560245792145338,1.0,0.05583339116457211,0.963178773492879
15575,0.07075167645455369,0.9573336895538338,1.0,0.05397634853573282,0.9634799357945425
15776,0.07251213291587007,0.9561848784397542,1.0,0.054164938030382234,0.9625633874239352
15979,0.07180085253603694,0.95711995725354,1.0,0.05389619517190726,0.9637524250578885
16185,0.07340196067059658,0.953887256211595,1.0,0.05374739624941956,0.9609020698177325
16394,0.07244948882959538,0.9586695164306706,1.0,0.05219836920091412,0.9649871904355252
16606,0.07582877137287367,0.9562917445899013,1.0,0.05245613716254085,0.9621823437311814
16820,0.07229065058869813,0.9550093507881379,1.0,0.052530037169702504,0.9609393579072533
17037,0.07234067104720956,0.9553299492385786,1.0,0.05147743098840831,0.9623525268533193
17257,0.07242328955556321,0.9559711461394602,1.0,0.05105914655140886,0.9623341252824942
17479,0.07164082119258647,0.9551429334758215,1.0,0.05163155953446252,0.9613364608959323
17705,0.07351119549738193,0.9566924926529522,1.0,0.05393778461769857,0.962270545043773
17933,0.07320356500168732,0.9570665241784665,1.0,0.0543189850265134,0.9627167791222885
18164,0.07233564387435368,0.958028319529789,1.0,0.05318522151224749,0.9636533803127065
18399,0.07307460185200833,0.9570932407160033,1.0,0.05356405134968313,0.9613022446872114
18636,0.07089385474493659,0.9579214533796421,1.0,0.05291363558562552,0.9628246404807899
18876,0.07116493031277973,0.9555436815388726,1.0,0.05374472654760658,0.9611358338631065
19120,0.07298082947859551,0.9574405557039809,1.0,0.054330226853403885,0.9632740585774059
19366,0.07065368752645476,0.9569863745658562,1.0,0.05234165399566777,0.9620985231849633
19616,0.0719352342109474,0.9577344376168849,1.0,0.05293222716468151,0.9629180261011421
19869,0.07333077359358672,0.9560780122896073,1.0,0.05417509503552861,0.9607327998389451
20125,0.07158031350537343,0.9561314453646806,1.0,0.053223899691025776,0.961351552795031
20385,0.07124871738039437,0.9591236975687952,1.0,0.052111115538951445,0.9639636987981358
20648,0.07261581758980326,0.9567459257280257,1.0,0.05301096501272619,0.9614781092599767
20914,0.07198369245617316,0.95711995725354,1.0,0.052089019227213706,0.9622358228937553
21184,0.07219667836091596,0.9584023510553032,1.0,0.0532102024294818,0.9633119335347431
21457,0.07208328794925363,0.9586427998931338,1.0,0.05181395564625618,0.9635923008808316
21734,0.0733979847240164,0.9569863745658562,1.0,0.05183382325283307,0.9622987024937885
22014,0.07172607267631137,0.9577344376168847,1.0,0.05120523827147967,0.9627509766512219
22298,0.07081865597537197,0.9568260753406358,1.0,0.05102702184415607,0.9620234998654589
22586,0.07299840181046921,0.9570665241784664,1.0,0.05112952048342008,0.9613123173647391
22877,0.07128050011158647,0.9569062249532461,1.0,0.05105060593718049,0.9620579621453862
23172,0.07142013006802253,0.9576542880042747,1.0,0.052246261421204185,0.9628517175901949
23471,0.07169317060940482,0.958616083355597,1.0,0.05017547216316951,0.9630948830471645
23774,0.07161624140985604,0.9582420518300829,1.0,0.05052043960903975,0.9629090603179943
24081,0.07372563804760913,0.958322201442693,1.0,0.05266761666695634,0.9625679996677878
24391,0.07162834705537893,0.9575741383916645,1.0,0.05251074582975879,0.9622565700463286
24706,0.07095655474608478,0.958028319529789,1.0,0.05097818554862008,0.9629077956771634
25025,0.07177720810666721,0.956505476890195,1.0,0.05239241242475408,0.9614705294705296
25347,0.07201866383091785,0.9568527918781726,1.0,0.051706894579404764,0.9617864047027262
25674,0.07102112999083536,0.957520705316591,1.0,0.05125148992325701,0.9623665965568279
26005,0.07279411059043558,0.9562383115148275,1.0,0.051013406654820716,0.9618534897135167
26341,0.07212684857994674,0.9581084691423992,1.0,0.05085276417250097,0.9617174746592765
26681,0.07141767569363192,0.9563451776649746,1.0,0.049819193348723936,0.9625051534800045
27025,0.0727580537660044,0.956612343040342,1.0,0.050500171325225364,0.9615985198889918
27373,0.07383848973268023,0.9562115949772909,1.0,0.05047705033343584,0.9604354656047931
27726,0.07168363200376851,0.9572802564787602,1.0,0.05090901970735434,0.9621149823270576
28084,0.07272572561030907,0.9549292011755277,1.0,0.049569498947888084,0.9601338840620993
28446,0.0711457180735672,0.9561314453646809,1.0,0.049662788151925444,0.9607044927230541
28813,0.07383660435515907,0.9561581619022176,1.0,0.05038189484194598,0.9612605421164059
29185,0.07153792383014806,0.9584825006679134,1.0,0.05024417162975894,0.96315230426589
29561,0.07327247818553943,0.9555703980764093,1.0,0.05107538371521827,0.9597645546497073
29943,0.07086634336295657,0.9568527918781726,1.0,0.049356071499354864,0.9635307083458571
